order_id,customer_id,order_date,order_status
1001,117,2026-07-07,Delivered
1002,86,2025-04-28,Cancelled
1003,64,2026-02-11,Delivered
1004,211,2025-04-21,Returned
1005,156,2026-04-21,Delivered
1006,66,2026-02-02,Delivered
1007,190,2025-04-12,Returned
1008,35,2026-07-12,Delivered
1009,57,2025-01-22,Delivered
1010,207,2025-08-01,Delivered
1011,220,2025-05-14,Delivered
1012,207,2025-11-28,Delivered
1013,120,2025-03-07,Delivered
1014,124,2025-02-14,Delivered
1015,130,2025-04-21,Delivered
1016,91,2025-05-10,Delivered
1017,110,2025-10-29,Delivered
1018,177,2026-07-19,Cancelled
1019,125,2025-04-08,Delivered
1020,238,2026-05-01,Delivered
1021,195,2025-05-14,Delivered
1022,225,2026-03-10,Returned
1023,215,2026-01-12,Delivered
1024,121,2025-01-27,Delivered
1025,99,2025-05-27,Delivered
1026,141,2026-04-10,Delivered
1027,203,2025-03-28,Delivered
1028,117,2026-06-09,Delivered
1029,170,2025-11-12,Delivered
1030,56,2025-05-21,Returned
1031,42,2025-08-24,Delivered
1032,128,2025-11-17,Delivered
1033,10,2026-04-17,Delivered
1034,90,2025-12-08,Delivered
1035,202,2025-06-01,Delivered
1036,155,2025-03-19,Delivered
1037,200,2025-11-27,Delivered
1038,101,2026-04-18,Delivered
1039,27,2025-04-03,Cancelled
1040,124,2025-07-12,Cancelled
1041,25,2025-12-18,Delivered
1042,111,2025-02-23,Delivered
1043,72,2025-06-03,Cancelled
1044,99,2026-02-06,Pending
1045,165,2025-05-11,Delivered
1046,102,2025-08-08,Delivered
1047,42,2025-04-14,Delivered
1048,106,2025-06-19,Delivered
1049,156,2026-04-05,Delivered
1050,207,2025-07-18,Returned
1051,79,2026-06-25,Delivered
1052,43,2026-05-08,Delivered
1053,122,2025-08-16,Returned
1054,13,2025-12-10,Returned
1055,43,2026-04-05,Delivered
1056,190,2025-04-24,Delivered
1057,158,2026-05-27,Delivered
1058,2,2026-03-03,Delivered
1059,26,2026-06-04,Delivered
1060,111,2025-01-17,Delivered
1061,166,2025-12-07,Delivered
1062,164,2026-04-21,Cancelled
1063,90,2026-02-12,Delivered
1064,208,2026-02-14,Delivered
1065,208,2025-03-26,Delivered
1066,91,2025-10-30,Delivered
1067,173,2025-02-13,Delivered
1068,164,2025-06-13,Delivered
1069,171,2026-01-16,Returned
1070,103,2025-10-13,Delivered
1071,132,2025-05-01,Delivered
1072,249,2026-05-18,Delivered
1073,227,2025-03-31,Delivered
1074,177,2026-01-06,Delivered
1075,143,2026-07-19,Delivered
1076,250,2026-06-23,Delivered
1077,240,2026-04-06,Delivered
1078,214,2025-07-06,Delivered
1079,139,2025-06-15,Delivered
1080,139,2025-03-22,Delivered
1081,87,2026-05-30,Delivered
1082,155,2025-02-12,Cancelled
1083,164,2026-07-13,Delivered
1084,209,2026-04-10,Delivered
1085,131,2025-05-28,Delivered
1086,98,2026-01-15,Delivered
1087,43,2026-01-29,Delivered
1088,137,2025-11-12,Delivered
1089,239,2025-12-28,Delivered
1090,215,2025-10-20,Delivered
1091,115,2025-02-22,Delivered
1092,201,2025-05-02,Delivered
1093,247,2026-01-10,Delivered
1094,179,2026-06-16,Cancelled
1095,231,2026-02-07,Delivered
1096,36,2025-11-12,Delivered
1097,186,2025-06-24,Delivered
1098,234,2025-01-20,Delivered
1099,56,2026-04-28,Delivered
1100,51,2025-12-17,Returned
1101,64,2025-11-01,Pending
1102,208,2025-05-05,Delivered
1103,81,2025-12-21,Delivered
1104,36,2025-09-03,Delivered
1105,24,2026-04-29,Delivered
1106,243,2026-05-03,Delivered
1107,165,2025-04-02,Returned
1108,51,2025-06-30,Returned
1109,155,2025-12-10,Returned
1110,232,2026-04-25,Cancelled
1111,127,2025-07-10,Delivered
1112,199,2026-02-20,Delivered
1113,72,2025-08-30,Delivered
1114,187,2026-01-04,Delivered
1115,230,2025-11-15,Returned
1116,125,2026-01-18,Pending
1117,208,2025-09-11,Cancelled
1118,230,2026-07-15,Delivered
1119,150,2026-06-07,Delivered
1120,117,2026-04-19,Delivered
1121,147,2025-12-19,Delivered
1122,116,2026-03-07,Delivered
1123,228,2026-07-07,Delivered
1124,141,2025-08-17,Delivered
1125,99,2025-04-26,Delivered
1126,226,2025-07-31,Delivered
1127,168,2025-09-08,Cancelled
1128,249,2025-11-23,Delivered
1129,117,2025-06-29,Delivered
1130,168,2025-11-23,Cancelled
1131,215,2025-05-28,Delivered
1132,166,2026-01-15,Returned
1133,169,2025-03-16,Delivered
1134,61,2025-12-07,Delivered
1135,239,2026-05-06,Delivered
1136,90,2026-05-25,Delivered
1137,104,2025-08-15,Delivered
1138,86,2025-08-24,Delivered
1139,233,2026-05-16,Delivered
1140,214,2025-02-19,Delivered
1141,62,2025-03-03,Delivered
1142,117,2025-10-09,Delivered
1143,232,2025-04-09,Delivered
1144,114,2026-02-20,Delivered
1145,172,2025-02-02,Cancelled
1146,24,2025-06-25,Delivered
1147,145,2025-04-08,Cancelled
1148,79,2025-02-03,Delivered
1149,150,2026-02-12,Delivered
1150,199,2025-03-22,Delivered
1151,202,2026-02-11,Pending
1152,29,2025-09-10,Delivered
1153,111,2025-04-04,Delivered
1154,75,2025-07-11,Delivered
1155,36,2025-04-06,Delivered
1156,189,2025-09-06,Delivered
1157,45,2025-10-10,Delivered
1158,234,2026-05-23,Delivered
1159,96,2025-12-04,Delivered
1160,42,2025-07-25,Delivered
1161,86,2026-05-18,Delivered
1162,190,2025-08-03,Returned
1163,215,2026-05-27,Cancelled
1164,46,2026-01-22,Delivered
1165,141,2026-03-05,Returned
1166,72,2025-06-20,Delivered
1167,96,2025-04-19,Cancelled
1168,139,2025-08-15,Delivered
1169,150,2025-12-20,Delivered
1170,99,2026-04-09,Delivered
1171,37,2025-04-22,Cancelled
1172,121,2026-02-19,Delivered
1173,124,2025-01-05,Delivered
1174,208,2026-01-10,Delivered
1175,222,2025-11-17,Delivered
1176,156,2025-11-01,Cancelled
1177,135,2025-05-22,Delivered
1178,231,2025-06-20,Delivered
1179,124,2026-01-03,Delivered
1180,28,2025-08-14,Delivered
1181,48,2026-05-23,Delivered
1182,103,2025-02-12,Cancelled
1183,166,2025-02-03,Delivered
1184,249,2025-08-31,Delivered
1185,178,2025-06-19,Delivered
1186,141,2025-10-27,Delivered
1187,171,2026-02-26,Delivered
1188,43,2026-03-01,Delivered
1189,202,2025-10-12,Delivered
1190,215,2026-04-15,Delivered
1191,132,2025-10-18,Delivered
1192,131,2025-02-19,Delivered
1193,220,2025-01-01,Delivered
1194,166,2025-11-09,Delivered
1195,130,2025-08-20,Delivered
1196,120,2025-03-14,Delivered
1197,36,2025-11-03,Delivered
1198,45,2025-01-09,Delivered
1199,230,2026-03-30,Delivered
1200,43,2025-03-28,Delivered
1201,80,2025-01-28,Returned
1202,227,2026-05-22,Pending
1203,26,2025-01-13,Returned
1204,59,2026-02-12,Returned
1205,141,2025-03-27,Delivered
1206,46,2025-03-09,Delivered
1207,71,2026-03-21,Delivered
1208,168,2025-06-29,Delivered
1209,132,2026-06-14,Delivered
1210,38,2025-12-10,Returned
1211,101,2025-06-20,Delivered
1212,169,2026-06-06,Delivered
1213,103,2025-07-03,Returned
1214,27,2026-05-30,Delivered
1215,26,2025-10-17,Delivered
1216,86,2025-09-06,Cancelled
1217,202,2026-07-14,Delivered
1218,99,2025-01-10,Cancelled
1219,33,2026-06-17,Returned
1220,29,2025-05-17,Delivered
1221,42,2025-11-19,Delivered
1222,150,2025-06-18,Delivered
1223,101,2026-04-08,Delivered
1224,209,2025-02-11,Delivered
1225,72,2026-06-10,Delivered
1226,51,2026-04-09,Pending
1227,25,2025-08-16,Cancelled
1228,232,2025-09-23,Delivered
1229,214,2025-02-13,Delivered
1230,58,2025-10-14,Delivered
1231,156,2026-05-26,Delivered
1232,79,2025-07-24,Delivered
1233,249,2026-01-03,Cancelled
1234,134,2025-07-04,Delivered
1235,210,2026-04-29,Delivered
1236,141,2025-02-27,Cancelled
1237,152,2026-01-03,Cancelled
1238,32,2025-08-13,Delivered
1239,156,2025-12-15,Cancelled
1240,202,2026-01-09,Cancelled
1241,51,2026-01-01,Pending
1242,193,2025-07-01,Delivered
1243,210,2025-04-17,Delivered
1244,168,2025-12-10,Delivered
1245,26,2025-04-21,Delivered
1246,132,2026-07-14,Delivered
1247,173,2025-03-17,Delivered
1248,50,2025-03-18,Delivered
1249,121,2026-03-21,Delivered
1250,54,2026-07-08,Delivered
1251,20,2026-05-18,Delivered
1252,86,2026-05-07,Delivered
1253,86,2025-04-29,Delivered
1254,167,2026-07-12,Delivered
1255,124,2026-04-22,Delivered
1256,197,2025-03-29,Delivered
1257,210,2026-07-03,Delivered
1258,219,2026-06-14,Delivered
1259,120,2026-03-22,Pending
1260,229,2025-03-10,Returned
1261,220,2025-01-13,Delivered
1262,45,2025-04-13,Delivered
1263,155,2025-10-10,Delivered
1264,115,2025-12-06,Delivered
1265,207,2026-05-19,Delivered
1266,117,2025-07-12,Delivered
1267,138,2025-02-27,Delivered
1268,217,2025-01-30,Cancelled
1269,126,2025-07-23,Returned
1270,230,2025-09-05,Delivered
1271,223,2025-12-25,Delivered
1272,32,2025-02-20,Delivered
1273,166,2025-10-03,Delivered
1274,155,2025-09-16,Delivered
1275,62,2026-06-18,Delivered
1276,152,2025-04-21,Delivered
1277,222,2025-11-02,Delivered
1278,208,2026-02-18,Cancelled
1279,118,2025-02-06,Delivered
1280,164,2026-01-03,Delivered
1281,73,2025-07-07,Cancelled
1282,150,2025-05-01,Delivered
1283,26,2026-05-28,Returned
1284,24,2025-05-21,Cancelled
1285,24,2025-08-03,Delivered
1286,121,2026-03-16,Delivered
1287,193,2025-12-19,Delivered
1288,89,2025-02-16,Delivered
1289,152,2025-05-18,Delivered
1290,48,2026-02-18,Returned
1291,57,2026-06-01,Delivered
1292,15,2025-09-19,Cancelled
1293,214,2025-04-29,Delivered
1294,130,2025-01-10,Delivered
1295,158,2026-03-05,Delivered
1296,75,2025-07-26,Delivered
1297,142,2026-05-08,Returned
1298,228,2026-05-21,Cancelled
1299,187,2025-08-25,Returned
1300,35,2025-02-10,Delivered
1301,50,2026-03-25,Delivered
1302,208,2025-06-20,Delivered
1303,229,2026-03-25,Delivered
1304,222,2025-05-14,Cancelled
1305,123,2025-11-18,Delivered
1306,145,2025-12-13,Pending
1307,168,2025-06-02,Delivered
1308,27,2025-09-04,Delivered
1309,143,2025-08-29,Delivered
1310,220,2025-05-02,Delivered
1311,135,2026-04-13,Delivered
1312,35,2025-01-03,Delivered
1313,177,2025-06-18,Delivered
1314,55,2026-02-07,Delivered
1315,199,2025-05-07,Delivered
1316,132,2025-02-19,Delivered
1317,51,2025-04-17,Cancelled
1318,135,2025-09-12,Delivered
1319,42,2026-06-09,Delivered
1320,231,2025-07-25,Delivered
1321,169,2025-07-02,Pending
1322,168,2026-07-01,Delivered
1323,10,2025-02-27,Delivered
1324,45,2025-10-30,Delivered
1325,124,2025-08-18,Delivered
1326,168,2026-02-01,Returned
1327,195,2026-03-30,Delivered
1328,245,2025-06-27,Delivered
1329,47,2025-01-06,Cancelled
1330,92,2025-11-05,Delivered
1331,207,2025-08-14,Delivered
1332,101,2026-06-28,Delivered
1333,168,2025-09-07,Delivered
1334,135,2025-10-31,Delivered
1335,158,2025-08-07,Delivered
1336,27,2025-01-25,Delivered
1337,24,2025-03-14,Cancelled
1338,91,2025-05-02,Delivered
1339,101,2025-10-24,Delivered
1340,211,2025-06-10,Delivered
1341,170,2026-01-18,Returned
1342,196,2025-12-19,Returned
1343,63,2025-07-18,Cancelled
1344,231,2026-04-18,Pending
1345,150,2026-01-01,Pending
1346,26,2026-05-13,Delivered
1347,150,2026-01-09,Delivered
1348,214,2025-12-06,Delivered
1349,79,2026-07-06,Cancelled
1350,10,2025-02-01,Delivered
1351,202,2025-08-17,Delivered
1352,71,2025-06-19,Pending
1353,239,2026-05-11,Delivered
1354,228,2026-04-26,Delivered
1355,75,2025-06-28,Delivered
1356,227,2025-09-15,Delivered
1357,210,2026-05-09,Delivered
1358,53,2025-05-02,Delivered
1359,57,2026-02-25,Delivered
1360,47,2025-02-10,Delivered
1361,164,2025-10-18,Cancelled
1362,53,2025-09-28,Delivered
1363,26,2025-05-16,Delivered
1364,135,2025-06-03,Delivered
1365,37,2025-05-14,Delivered
1366,208,2026-01-26,Cancelled
1367,73,2025-03-27,Delivered
1368,4,2025-01-08,Delivered
1369,90,2025-06-08,Delivered
1370,141,2025-10-10,Delivered
1371,43,2025-05-02,Cancelled
1372,208,2025-02-23,Delivered
1373,130,2025-04-01,Delivered
1374,15,2026-02-15,Delivered
1375,211,2026-03-26,Delivered
1376,207,2025-08-26,Delivered
1377,78,2026-02-09,Delivered
1378,177,2026-07-17,Returned
1379,239,2025-07-19,Delivered
1380,51,2025-03-16,Delivered
1381,147,2026-01-22,Delivered
1382,131,2026-01-27,Delivered
1383,5,2025-09-12,Cancelled
1384,98,2025-07-02,Delivered
1385,75,2025-07-14,Returned
1386,225,2025-07-27,Delivered
1387,4,2025-02-13,Cancelled
1388,63,2025-02-25,Delivered
1389,173,2025-05-04,Delivered
1390,150,2025-09-23,Delivered
1391,238,2025-07-08,Delivered
1392,105,2025-10-14,Cancelled
1393,173,2025-10-04,Cancelled
1394,132,2026-06-14,Pending
1395,35,2025-08-09,Delivered
1396,73,2025-05-05,Delivered
1397,166,2025-10-19,Delivered
1398,124,2025-10-21,Delivered
1399,231,2026-02-19,Delivered
1400,165,2026-04-01,Delivered
1401,219,2025-08-29,Delivered
1402,225,2025-01-27,Delivered
1403,231,2025-08-23,Delivered
1404,42,2025-01-30,Cancelled
1405,129,2025-10-06,Cancelled
1406,161,2026-06-21,Delivered
1407,123,2025-09-24,Delivered
1408,200,2025-10-21,Delivered
1409,234,2025-01-10,Delivered
1410,145,2025-06-17,Delivered
1411,138,2025-10-06,Cancelled
1412,218,2025-10-24,Delivered
1413,177,2025-11-25,Delivered
1414,240,2025-05-09,Delivered
1415,120,2026-05-26,Cancelled
1416,213,2025-09-12,Delivered
1417,14,2025-04-07,Delivered
1418,47,2026-07-17,Delivered
1419,222,2025-04-26,Delivered
1420,207,2026-02-10,Delivered
1421,46,2025-09-12,Delivered
1422,231,2025-03-03,Pending
1423,36,2025-11-21,Delivered
1424,142,2025-07-11,Delivered
1425,143,2025-06-08,Delivered
1426,2,2026-01-24,Delivered
1427,239,2025-07-14,Cancelled
1428,91,2025-03-10,Delivered
1429,56,2025-04-12,Delivered
1430,158,2025-02-20,Delivered
1431,231,2026-05-19,Delivered
1432,156,2025-03-14,Delivered
1433,166,2025-07-03,Delivered
1434,169,2026-03-14,Delivered
1435,101,2025-11-29,Delivered
1436,72,2026-04-04,Pending
1437,211,2025-10-10,Delivered
1438,150,2025-11-04,Delivered
1439,193,2026-05-10,Delivered
1440,87,2026-01-26,Delivered
1441,210,2025-05-04,Delivered
1442,134,2025-02-21,Delivered
1443,85,2025-05-16,Delivered
1444,142,2026-02-13,Delivered
1445,147,2026-06-21,Delivered
1446,92,2025-04-02,Returned
1447,54,2025-01-25,Delivered
1448,123,2025-08-28,Returned
1449,218,2025-02-25,Delivered
1450,211,2025-04-24,Delivered
1451,195,2026-07-14,Delivered
1452,168,2026-06-24,Delivered
1453,207,2025-02-24,Delivered
1454,75,2026-01-04,Cancelled
1455,131,2025-04-01,Delivered
1456,179,2026-06-27,Delivered
1457,10,2025-12-30,Delivered
1458,111,2025-01-31,Pending
1459,238,2025-08-21,Delivered
1460,90,2026-04-05,Delivered
1461,90,2026-06-21,Delivered
1462,214,2025-01-31,Delivered
1463,76,2025-04-20,Delivered
1464,155,2025-08-26,Delivered
1465,204,2026-04-26,Delivered
1466,64,2025-01-16,Delivered
1467,222,2026-03-14,Returned
1468,109,2026-07-04,Delivered
1469,72,2025-02-10,Delivered
1470,202,2025-06-20,Delivered
1471,228,2026-04-08,Delivered
1472,150,2026-07-14,Returned
1473,53,2025-07-26,Delivered
1474,33,2026-01-07,Delivered
1475,135,2026-01-23,Returned
1476,48,2025-02-22,Delivered
1477,124,2025-05-01,Delivered
1478,132,2026-05-03,Delivered
1479,4,2025-10-12,Returned
1480,15,2025-11-02,Cancelled
1481,249,2025-10-19,Delivered
1482,101,2025-11-03,Delivered
1483,215,2026-04-28,Delivered
1484,139,2025-03-01,Delivered
1485,173,2025-10-22,Returned
1486,249,2025-05-13,Delivered
1487,226,2025-10-25,Delivered
1488,99,2025-08-06,Cancelled
1489,207,2026-06-03,Delivered
1490,156,2025-06-29,Delivered
1491,130,2025-05-20,Delivered
1492,128,2025-02-27,Cancelled
1493,226,2025-06-02,Delivered
1494,158,2026-02-03,Cancelled
1495,90,2026-02-28,Delivered
1496,234,2025-11-06,Delivered
1497,229,2025-01-26,Delivered
1498,139,2025-05-27,Delivered
1499,128,2026-06-19,Delivered
1500,152,2026-04-24,Delivered
1501,55,2025-11-23,Delivered
1502,158,2025-07-31,Delivered
1503,147,2025-11-15,Delivered
1504,170,2025-02-25,Delivered
1505,227,2026-04-02,Delivered
1506,27,2026-04-22,Returned
1507,202,2025-08-18,Delivered
1508,112,2025-12-05,Delivered
1509,130,2025-10-17,Cancelled
1510,208,2025-03-14,Delivered
1511,142,2026-01-29,Pending
1512,207,2025-12-17,Delivered
1513,147,2026-04-20,Delivered
1514,238,2025-04-22,Delivered
1515,62,2025-01-01,Delivered
1516,55,2025-11-21,Delivered
1517,229,2025-01-09,Pending
1518,142,2026-01-03,Delivered
1519,177,2025-11-22,Delivered
1520,43,2026-01-04,Delivered
1521,167,2025-05-20,Pending
1522,177,2025-07-04,Returned
1523,110,2026-03-11,Delivered
1524,231,2025-02-04,Delivered
1525,27,2025-04-01,Returned
1526,208,2025-02-24,Delivered
1527,238,2025-10-24,Cancelled
1528,207,2026-04-30,Delivered
1529,81,2026-06-02,Delivered
1530,79,2025-01-15,Cancelled
1531,209,2025-08-30,Delivered
1532,29,2025-06-07,Delivered
1533,98,2025-04-29,Delivered
1534,130,2026-06-30,Returned
1535,141,2025-10-23,Delivered
1536,238,2025-10-07,Delivered
1537,150,2025-09-05,Delivered
1538,90,2025-01-09,Delivered
1539,55,2025-04-05,Delivered
1540,61,2025-05-05,Delivered
1541,166,2025-07-09,Cancelled
1542,177,2025-11-28,Delivered
1543,110,2025-03-03,Delivered
1544,132,2026-02-07,Returned
1545,202,2025-04-19,Delivered
1546,132,2025-01-01,Delivered
1547,202,2026-02-18,Delivered
1548,141,2025-12-08,Pending
1549,141,2025-03-24,Pending
1550,227,2026-01-03,Delivered
1551,14,2025-09-02,Delivered
1552,132,2026-04-06,Pending
1553,232,2026-07-04,Cancelled
1554,15,2025-01-20,Delivered
1555,166,2025-02-21,Delivered
1556,63,2026-03-13,Cancelled
1557,172,2025-11-26,Delivered
1558,104,2025-09-07,Delivered
1559,5,2025-10-18,Returned
1560,45,2026-04-07,Delivered
1561,152,2025-04-01,Delivered
1562,247,2026-01-06,Pending
1563,208,2026-05-01,Delivered
1564,24,2025-08-03,Delivered
1565,200,2025-02-23,Delivered
1566,148,2025-11-30,Delivered
1567,69,2025-07-24,Delivered
1568,131,2025-05-29,Returned
1569,105,2025-07-18,Delivered
1570,79,2026-04-22,Delivered
1571,86,2025-06-24,Delivered
1572,249,2026-04-19,Delivered
1573,72,2025-08-16,Delivered
1574,14,2026-05-06,Delivered
1575,42,2025-04-03,Delivered
1576,220,2025-01-25,Delivered
1577,14,2025-10-04,Delivered
1578,226,2025-02-26,Delivered
1579,103,2025-03-10,Delivered
1580,193,2025-08-03,Delivered
1581,78,2025-12-20,Delivered
1582,130,2026-06-30,Delivered
1583,81,2025-04-22,Pending
1584,46,2025-01-24,Delivered
1585,120,2025-01-22,Delivered
1586,66,2025-12-10,Returned
1587,96,2026-06-27,Delivered
1588,105,2025-02-18,Delivered
1589,156,2026-07-03,Delivered
1590,168,2025-09-01,Delivered
1591,73,2025-02-05,Delivered
1592,38,2026-05-27,Delivered
1593,135,2025-10-30,Delivered
1594,208,2026-03-29,Delivered
1595,15,2025-04-30,Delivered
1596,124,2025-02-26,Delivered
1597,28,2025-03-31,Cancelled
1598,104,2025-10-19,Delivered
1599,30,2026-03-31,Delivered
1600,120,2025-05-23,Returned
1601,152,2025-01-07,Delivered
1602,128,2025-05-21,Delivered
1603,16,2025-11-08,Cancelled
1604,2,2026-04-29,Delivered
1605,228,2025-01-30,Delivered
1606,26,2026-05-08,Delivered
1607,147,2025-06-16,Cancelled
1608,24,2025-12-31,Delivered
1609,27,2025-07-07,Delivered
1610,173,2026-01-07,Delivered
1611,6,2026-01-17,Delivered
1612,214,2026-06-23,Cancelled
1613,90,2026-03-29,Delivered
1614,220,2025-08-21,Delivered
1615,120,2025-04-25,Delivered
1616,36,2026-06-10,Cancelled
1617,199,2025-07-30,Cancelled
1618,196,2025-12-23,Delivered
1619,135,2025-01-15,Delivered
1620,189,2026-06-01,Returned
1621,120,2026-02-22,Delivered
1622,139,2026-01-05,Delivered
1623,126,2026-03-31,Delivered
1624,121,2026-05-03,Cancelled
1625,29,2026-02-15,Delivered
1626,152,2025-05-06,Pending
1627,201,2025-10-07,Delivered
1628,135,2026-04-11,Delivered
1629,159,2025-04-12,Delivered
1630,171,2025-04-09,Delivered
1631,135,2026-07-08,Delivered
1632,123,2025-07-01,Delivered
1633,131,2026-05-18,Delivered
1634,111,2026-01-22,Delivered
1635,214,2025-01-28,Delivered
1636,24,2025-08-29,Delivered
1637,50,2025-02-08,Delivered
1638,120,2026-04-26,Delivered
1639,131,2025-07-30,Delivered
1640,156,2026-03-23,Delivered
1641,75,2026-02-16,Delivered
1642,56,2025-11-06,Cancelled
1643,72,2026-07-15,Delivered
1644,222,2025-08-07,Delivered
1645,228,2025-03-03,Returned
1646,86,2025-11-23,Delivered
1647,115,2025-07-16,Delivered
1648,249,2025-02-07,Delivered
1649,207,2026-07-18,Delivered
1650,10,2025-03-27,Cancelled
1651,115,2025-04-03,Delivered
1652,193,2026-06-19,Returned
1653,38,2025-12-04,Cancelled
1654,72,2026-05-18,Delivered
1655,78,2025-05-29,Cancelled
1656,239,2025-02-25,Delivered
1657,102,2025-05-05,Cancelled
1658,230,2025-08-30,Delivered
1659,225,2026-02-21,Delivered
1660,96,2025-04-13,Delivered
1661,177,2025-07-08,Delivered
1662,28,2026-06-13,Delivered
1663,51,2025-12-02,Delivered
1664,234,2025-08-18,Returned
1665,158,2026-04-19,Returned
1666,121,2025-04-02,Delivered
1667,234,2025-09-30,Cancelled
1668,220,2025-10-17,Delivered
1669,243,2026-04-07,Delivered
1670,57,2026-03-10,Delivered
1671,66,2025-02-16,Returned
1672,243,2025-05-16,Delivered
1673,43,2025-02-15,Delivered
1674,90,2025-06-04,Pending
1675,130,2026-04-24,Delivered
1676,249,2026-04-14,Delivered
1677,56,2025-06-22,Delivered
1678,2,2025-07-04,Delivered
1679,170,2025-01-27,Returned
1680,231,2025-11-28,Delivered
1681,167,2025-10-03,Delivered
1682,190,2025-05-13,Delivered
1683,208,2026-07-15,Delivered
1684,198,2025-05-04,Delivered
1685,90,2025-05-15,Delivered
1686,132,2026-05-03,Returned
1687,120,2025-07-10,Delivered
1688,98,2025-08-18,Delivered
1689,129,2026-05-05,Delivered
1690,215,2025-10-30,Delivered
1691,33,2025-09-17,Delivered
1692,8,2026-04-19,Delivered
1693,117,2025-11-18,Delivered
1694,223,2025-07-09,Delivered
1695,36,2025-01-06,Delivered
1696,128,2026-05-14,Delivered
1697,239,2025-11-06,Delivered
1698,210,2025-07-12,Delivered
1699,87,2026-05-01,Delivered
1700,194,2026-05-12,Delivered
1701,86,2026-02-06,Cancelled
1702,179,2026-05-23,Pending
1703,152,2026-05-15,Delivered
1704,147,2025-10-02,Delivered
1705,47,2026-04-26,Delivered
1706,228,2026-04-25,Delivered
1707,238,2026-01-04,Cancelled
1708,42,2026-05-19,Delivered
1709,56,2025-01-19,Delivered
1710,51,2026-05-31,Cancelled
1711,156,2025-08-18,Delivered
1712,202,2025-06-04,Delivered
1713,220,2025-02-12,Delivered
1714,178,2026-05-26,Delivered
1715,56,2025-01-07,Pending
1716,50,2026-03-01,Delivered
1717,140,2025-05-22,Cancelled
1718,5,2025-03-13,Cancelled
1719,48,2025-02-07,Delivered
1720,225,2026-03-06,Pending
1721,90,2025-10-14,Delivered
1722,177,2026-02-19,Returned
1723,195,2026-07-08,Delivered
1724,139,2025-06-13,Delivered
1725,214,2026-03-09,Delivered
1726,193,2025-08-30,Delivered
1727,43,2025-09-11,Delivered
1728,203,2025-05-31,Delivered
1729,124,2026-06-23,Delivered
1730,225,2026-03-10,Delivered
1731,57,2025-06-10,Delivered
1732,104,2025-11-07,Pending
1733,152,2025-11-09,Delivered
1734,147,2025-12-12,Delivered
1735,168,2025-11-30,Delivered
1736,111,2025-12-14,Returned
1737,147,2025-11-13,Cancelled
1738,199,2026-06-19,Pending
1739,38,2025-07-04,Returned
1740,53,2026-06-25,Delivered
1741,35,2025-05-28,Delivered
1742,115,2025-11-30,Delivered
1743,91,2025-11-28,Delivered
1744,197,2026-05-20,Delivered
1745,115,2026-02-22,Delivered
1746,201,2025-05-09,Delivered
1747,161,2025-05-26,Delivered
1748,120,2026-04-08,Returned
1749,240,2026-05-09,Delivered
1750,100,2026-06-07,Delivered
1751,26,2025-05-06,Delivered
1752,245,2025-10-07,Delivered
1753,238,2025-05-17,Delivered
1754,145,2026-05-16,Delivered
1755,214,2025-05-07,Delivered
1756,53,2025-01-09,Delivered
1757,63,2025-10-15,Delivered
1758,182,2026-05-21,Delivered
1759,55,2025-06-29,Delivered
1760,73,2025-08-22,Delivered
1761,2,2025-02-23,Delivered
1762,16,2025-02-18,Delivered
1763,4,2025-03-25,Delivered
1764,158,2026-03-19,Delivered
1765,139,2025-03-16,Delivered
1766,243,2026-01-22,Returned
1767,208,2026-03-19,Delivered
1768,215,2026-02-25,Delivered
1769,125,2026-03-15,Delivered
1770,36,2025-03-11,Delivered
1771,131,2025-07-10,Delivered
1772,150,2026-01-02,Delivered
1773,90,2026-01-13,Delivered
1774,56,2025-07-13,Delivered
1775,120,2026-04-11,Delivered
1776,131,2025-12-06,Delivered
1777,143,2026-03-27,Delivered
1778,14,2025-06-28,Delivered
1779,215,2025-07-20,Delivered
1780,170,2025-04-24,Delivered
1781,104,2025-06-25,Delivered
1782,177,2026-03-16,Delivered
1783,226,2025-03-25,Delivered
1784,105,2025-07-03,Delivered
1785,179,2025-10-02,Delivered
1786,66,2026-03-12,Delivered
1787,100,2026-04-22,Delivered
1788,132,2025-01-26,Delivered
1789,101,2026-05-29,Delivered
1790,142,2025-12-04,Delivered
1791,249,2026-07-11,Pending
1792,5,2025-06-02,Delivered
1793,128,2025-11-17,Cancelled
1794,41,2025-01-10,Returned
1795,121,2026-07-05,Delivered
1796,14,2025-12-05,Delivered
1797,26,2026-05-02,Delivered
1798,89,2025-07-01,Delivered
1799,56,2026-01-31,Returned
1800,26,2026-06-15,Delivered
1801,249,2026-03-05,Delivered
1802,222,2025-07-30,Delivered
1803,232,2026-05-30,Delivered
1804,211,2025-09-10,Delivered
1805,81,2026-04-13,Returned
1806,210,2025-09-13,Delivered
1807,110,2025-04-08,Delivered
1808,47,2026-07-05,Returned
1809,228,2026-02-26,Returned
1810,12,2026-04-18,Delivered
1811,5,2025-05-20,Delivered
1812,28,2026-03-25,Delivered
1813,10,2025-10-29,Delivered
1814,201,2025-06-07,Delivered
1815,227,2026-03-29,Delivered
1816,3,2025-07-26,Delivered
1817,171,2025-04-09,Delivered
1818,92,2025-08-01,Delivered
1819,91,2026-04-15,Delivered
1820,16,2026-02-25,Returned
1821,36,2025-06-25,Delivered
1822,160,2025-05-17,Delivered
1823,98,2026-04-05,Delivered
1824,248,2025-05-08,Delivered
1825,25,2025-10-31,Delivered
1826,71,2026-03-31,Delivered
1827,243,2025-10-23,Delivered
1828,230,2025-08-16,Pending
1829,223,2025-07-17,Delivered
1830,51,2025-07-29,Delivered
1831,90,2025-09-08,Delivered
1832,147,2025-07-26,Pending
1833,101,2026-04-28,Delivered
1834,200,2026-05-09,Cancelled
1835,200,2026-07-05,Returned
1836,89,2026-05-08,Delivered
1837,46,2025-01-14,Delivered
1838,247,2025-02-09,Delivered
1839,24,2026-03-11,Delivered
1840,170,2025-06-01,Delivered
1841,72,2025-06-15,Delivered
1842,110,2025-03-24,Delivered
1843,133,2026-01-27,Delivered
1844,75,2026-02-12,Delivered
1845,118,2025-10-23,Delivered
1846,53,2026-04-07,Returned
1847,55,2026-02-23,Pending
1848,48,2026-01-22,Delivered
1849,66,2025-04-14,Delivered
1850,207,2025-08-05,Delivered
1851,130,2026-03-16,Delivered
1852,232,2026-01-23,Delivered
1853,214,2025-01-27,Returned
1854,156,2026-05-02,Delivered
1855,101,2025-11-30,Delivered
1856,232,2026-05-03,Returned
1857,29,2026-07-16,Cancelled
1858,36,2025-01-30,Pending
1859,63,2026-05-03,Delivered
1860,98,2026-01-26,Returned
1861,37,2025-07-12,Delivered
1862,147,2025-03-05,Delivered
1863,231,2025-08-16,Delivered
1864,90,2025-10-31,Cancelled
1865,91,2025-05-07,Delivered
1866,59,2026-01-21,Delivered
1867,57,2025-08-19,Delivered
1868,167,2025-01-23,Cancelled
1869,111,2025-10-17,Delivered
1870,114,2025-02-25,Delivered
1871,208,2025-01-10,Delivered
1872,249,2026-03-14,Delivered
1873,24,2025-12-13,Pending
1874,87,2025-06-26,Delivered
1875,160,2025-01-12,Delivered
1876,168,2025-01-24,Delivered
1877,53,2026-03-21,Delivered
1878,179,2026-07-05,Cancelled
1879,141,2026-05-16,Cancelled
1880,207,2025-08-01,Delivered
1881,145,2025-02-05,Cancelled
1882,239,2025-01-01,Delivered
1883,86,2025-05-24,Delivered
1884,35,2025-08-31,Cancelled
1885,58,2026-07-20,Delivered
1886,158,2025-09-19,Delivered
1887,234,2025-05-27,Delivered
1888,145,2026-06-08,Delivered
1889,239,2025-10-04,Delivered
1890,26,2026-01-07,Delivered
1891,36,2025-06-29,Returned
1892,222,2025-04-12,Delivered
1893,226,2025-05-11,Delivered
1894,41,2025-10-01,Delivered
1895,170,2026-04-14,Delivered
1896,78,2025-08-23,Delivered
1897,90,2025-03-23,Delivered
1898,24,2026-05-20,Delivered
1899,177,2025-07-14,Delivered
1900,16,2025-06-22,Delivered
1901,236,2026-01-24,Delivered
1902,72,2025-05-01,Delivered
1903,2,2026-02-08,Delivered
1904,227,2026-05-15,Returned
1905,86,2025-12-25,Delivered
1906,46,2026-05-15,Delivered
1907,105,2025-07-06,Delivered
1908,101,2026-01-03,Delivered
1909,47,2026-05-06,Delivered
1910,230,2026-02-03,Cancelled
1911,98,2025-08-31,Delivered
1912,193,2025-10-24,Delivered
1913,46,2025-09-13,Delivered
1914,72,2025-07-23,Cancelled
1915,156,2025-06-02,Delivered
1916,249,2026-03-13,Returned
1917,109,2025-08-25,Delivered
1918,121,2025-04-23,Delivered
1919,72,2025-07-06,Returned
1920,57,2025-04-14,Delivered
1921,89,2025-01-14,Delivered
1922,150,2025-09-01,Delivered
1923,195,2025-07-15,Delivered
1924,142,2026-05-01,Delivered
1925,181,2025-03-11,Returned
1926,48,2025-05-13,Delivered
1927,177,2026-02-12,Delivered
1928,48,2026-01-29,Delivered
1929,147,2025-01-10,Delivered
1930,75,2025-08-18,Delivered
1931,45,2025-05-17,Returned
1932,249,2025-04-29,Delivered
1933,103,2026-07-17,Delivered
1934,86,2025-01-11,Pending
1935,196,2025-09-21,Delivered
1936,198,2025-08-26,Delivered
1937,128,2025-06-30,Cancelled
1938,79,2025-07-01,Delivered
1939,35,2025-01-13,Delivered
1940,165,2025-09-12,Delivered
1941,36,2025-12-13,Delivered
1942,46,2025-10-01,Delivered
1943,226,2025-01-02,Delivered
1944,226,2025-04-26,Cancelled
1945,238,2025-12-08,Delivered
1946,53,2025-07-05,Delivered
1947,75,2026-01-13,Delivered
1948,243,2025-04-26,Cancelled
1949,110,2026-03-11,Delivered
1950,96,2025-09-09,Cancelled
1951,132,2025-08-24,Delivered
1952,147,2025-08-13,Delivered
1953,130,2025-04-23,Delivered
1954,222,2025-10-29,Cancelled
1955,212,2025-05-22,Delivered
1956,177,2025-02-25,Delivered
1957,103,2025-03-20,Delivered
1958,130,2026-06-25,Delivered
1959,177,2025-06-09,Delivered
1960,135,2026-03-10,Delivered
1961,178,2025-06-10,Delivered
1962,234,2026-02-15,Delivered
1963,27,2026-05-04,Delivered
1964,208,2025-07-19,Delivered
1965,203,2025-09-03,Delivered
1966,152,2025-11-13,Delivered
1967,71,2025-02-15,Delivered
1968,101,2026-02-12,Delivered
1969,35,2026-05-31,Delivered
1970,110,2025-02-08,Delivered
1971,226,2025-08-26,Delivered
1972,42,2026-03-18,Delivered
1973,156,2025-06-06,Delivered
1974,240,2025-03-31,Cancelled
1975,86,2026-01-08,Delivered
1976,128,2025-09-20,Pending
1977,220,2025-05-13,Delivered
1978,105,2026-06-03,Delivered
1979,24,2025-01-09,Cancelled
1980,147,2025-08-17,Cancelled
1981,128,2026-04-22,Delivered
1982,238,2026-03-20,Delivered
1983,249,2026-05-03,Delivered
1984,234,2025-08-07,Delivered
1985,25,2026-03-17,Cancelled
1986,86,2026-03-06,Delivered
1987,198,2025-12-24,Delivered
1988,211,2025-07-23,Delivered
1989,168,2025-11-21,Cancelled
1990,91,2026-02-21,Cancelled
1991,220,2025-04-10,Delivered
1992,202,2025-08-10,Delivered
1993,6,2025-01-17,Cancelled
1994,41,2026-04-12,Delivered
1995,121,2025-12-10,Pending
1996,53,2026-07-10,Delivered
1997,122,2025-04-12,Delivered
1998,14,2026-03-07,Delivered
1999,55,2025-05-08,Delivered
2000,165,2026-02-10,Cancelled
2001,75,2025-11-11,Delivered
2002,139,2025-11-22,Delivered
2003,240,2026-02-07,Delivered
2004,122,2025-05-10,Delivered
2005,92,2025-01-27,Delivered
2006,178,2025-03-22,Returned
2007,166,2025-07-18,Delivered
2008,45,2025-04-16,Delivered
2009,79,2025-04-06,Returned
2010,132,2025-03-17,Delivered
2011,106,2026-04-07,Delivered
2012,98,2026-07-14,Delivered
2013,38,2026-07-03,Delivered
2014,103,2025-01-31,Returned
2015,232,2026-05-09,Delivered
2016,166,2026-05-23,Delivered
2017,55,2025-10-15,Cancelled
2018,91,2026-01-28,Delivered
2019,160,2025-06-21,Delivered
2020,14,2025-11-27,Delivered
2021,58,2025-05-29,Delivered
2022,128,2025-08-27,Cancelled
2023,78,2025-03-18,Delivered
2024,208,2025-10-09,Delivered
2025,96,2025-01-22,Delivered
2026,80,2026-02-17,Cancelled
2027,165,2025-04-08,Delivered
2028,16,2026-04-11,Delivered
2029,36,2025-01-11,Delivered
2030,64,2026-01-13,Delivered
2031,96,2026-01-24,Delivered
2032,38,2025-06-01,Delivered
2033,130,2025-10-15,Delivered
2034,201,2025-12-28,Delivered
2035,6,2026-01-30,Delivered
2036,152,2025-11-17,Delivered
2037,42,2026-01-30,Returned
2038,45,2025-04-23,Cancelled
2039,130,2025-12-27,Delivered
2040,57,2026-03-18,Delivered
2041,190,2025-10-29,Delivered
2042,155,2025-04-22,Delivered
2043,71,2025-10-10,Delivered
2044,111,2025-10-02,Delivered
2045,81,2025-01-04,Delivered
2046,194,2025-09-02,Cancelled
2047,227,2025-01-14,Delivered
2048,50,2025-01-10,Delivered
2049,16,2025-10-25,Delivered
2050,132,2026-07-13,Delivered
2051,6,2025-12-08,Delivered
2052,220,2025-05-26,Delivered
2053,177,2025-07-31,Delivered
2054,170,2026-04-06,Returned
2055,177,2025-05-06,Cancelled
2056,207,2025-01-09,Delivered
2057,139,2025-06-16,Delivered
2058,8,2025-10-17,Delivered
2059,42,2026-05-30,Cancelled
2060,55,2025-03-24,Delivered
2061,72,2026-01-31,Delivered
2062,152,2026-03-23,Delivered
2063,117,2025-11-09,Delivered
2064,53,2026-03-24,Cancelled
2065,135,2026-01-02,Delivered
2066,117,2025-01-28,Delivered
2067,215,2025-01-07,Delivered
2068,29,2025-04-20,Delivered
2069,174,2025-05-05,Cancelled
2070,239,2025-06-08,Delivered
2071,4,2025-07-25,Delivered
2072,38,2025-07-29,Delivered
2073,24,2026-02-19,Delivered
2074,142,2026-03-26,Cancelled
2075,50,2026-07-14,Delivered
2076,35,2026-01-12,Delivered
2077,120,2026-04-14,Delivered
2078,14,2026-04-01,Delivered
2079,187,2025-06-12,Delivered
2080,178,2025-03-06,Delivered
2081,145,2025-05-24,Delivered
2082,214,2026-04-29,Delivered
2083,42,2025-12-23,Delivered
2084,34,2026-05-03,Delivered
2085,36,2026-01-29,Returned
2086,197,2026-01-19,Delivered
2087,249,2025-07-24,Delivered
2088,64,2026-03-21,Delivered
2089,101,2026-07-14,Delivered
2090,101,2025-05-22,Returned
2091,132,2026-07-08,Delivered
2092,72,2025-03-11,Delivered
2093,156,2025-04-24,Delivered
2094,226,2025-07-29,Delivered
2095,177,2025-02-06,Delivered
2096,156,2026-07-19,Delivered
2097,36,2025-08-19,Delivered
2098,24,2025-07-20,Delivered
2099,177,2026-03-14,Delivered
2100,98,2025-09-01,Returned
2101,196,2026-07-04,Returned
2102,79,2025-09-08,Delivered
2103,227,2026-03-31,Cancelled
2104,75,2026-05-31,Delivered
2105,158,2025-07-28,Delivered
2106,66,2026-04-10,Delivered
2107,10,2026-03-31,Delivered
2108,121,2025-11-09,Delivered
2109,199,2025-09-26,Delivered
2110,231,2025-04-22,Delivered
2111,139,2026-01-26,Delivered
2112,79,2025-10-08,Delivered
2113,147,2025-10-08,Delivered
2114,155,2025-11-25,Delivered
2115,215,2025-03-01,Delivered
2116,73,2025-09-23,Cancelled
2117,53,2026-03-27,Delivered
2118,243,2025-12-28,Delivered
2119,135,2025-11-30,Delivered
2120,96,2025-12-10,Cancelled
2121,90,2026-06-05,Delivered
2122,46,2025-03-22,Delivered
2123,91,2025-10-28,Delivered
2124,192,2026-01-06,Returned
2125,101,2025-08-24,Delivered
2126,212,2026-07-05,Delivered
2127,43,2025-10-21,Delivered
2128,135,2026-05-22,Delivered
2129,201,2026-04-27,Delivered
2130,42,2026-02-02,Cancelled
2131,227,2025-04-21,Delivered
2132,53,2026-06-06,Delivered
2133,169,2025-11-25,Delivered
2134,234,2025-11-01,Delivered
2135,139,2026-03-13,Delivered
2136,237,2025-08-04,Delivered
2137,90,2025-06-19,Delivered
2138,226,2025-09-23,Delivered
2139,141,2025-01-07,Cancelled
2140,232,2026-04-01,Delivered
2141,121,2025-05-21,Delivered
2142,203,2025-11-19,Delivered
2143,225,2025-01-09,Delivered
2144,63,2026-04-27,Delivered
2145,42,2025-04-01,Delivered
2146,160,2025-12-24,Delivered
2147,225,2026-05-17,Delivered
2148,239,2025-10-22,Returned
2149,120,2025-11-23,Delivered
2150,222,2025-08-29,Delivered
2151,217,2025-11-27,Delivered
2152,123,2025-02-25,Delivered
2153,16,2025-08-15,Delivered
2154,156,2026-07-07,Delivered
2155,178,2025-03-06,Returned
2156,114,2025-10-25,Delivered
2157,199,2026-05-29,Delivered
2158,87,2025-09-11,Delivered
2159,42,2025-10-04,Delivered
2160,141,2025-04-08,Returned
2161,195,2026-04-15,Delivered
2162,106,2025-08-16,Delivered
2163,179,2025-01-26,Delivered
2164,145,2025-12-07,Delivered
2165,56,2025-09-13,Returned
2166,139,2025-08-27,Cancelled
2167,195,2025-02-07,Cancelled
2168,4,2026-05-16,Delivered
2169,220,2025-03-25,Pending
2170,122,2025-02-09,Pending
2171,122,2025-10-05,Delivered
2172,173,2026-01-16,Cancelled
2173,186,2025-05-19,Cancelled
2174,53,2025-01-06,Delivered
2175,141,2025-03-04,Delivered
2176,98,2025-07-17,Delivered
2177,103,2025-09-18,Delivered
2178,53,2025-05-10,Delivered
2179,239,2026-04-30,Delivered
2180,33,2025-05-31,Cancelled
2181,227,2026-06-08,Delivered
2182,111,2025-11-16,Delivered
2183,214,2026-05-17,Delivered
2184,10,2026-04-23,Delivered
2185,53,2025-01-11,Delivered
2186,150,2026-01-13,Delivered
2187,178,2025-02-28,Delivered
2188,179,2025-07-01,Delivered
2189,142,2025-07-18,Pending
2190,49,2026-01-11,Pending
2191,201,2025-10-01,Delivered
2192,55,2025-06-27,Delivered
2193,147,2026-04-20,Delivered
2194,53,2025-01-21,Delivered
2195,233,2025-07-15,Delivered
2196,43,2025-08-20,Delivered
2197,103,2026-06-20,Delivered
2198,150,2025-08-04,Delivered
2199,57,2025-09-25,Delivered
2200,53,2025-11-27,Delivered
2201,14,2026-01-03,Delivered
2202,89,2025-07-10,Delivered
2203,130,2026-01-18,Delivered
2204,228,2026-03-08,Delivered
2205,14,2025-11-04,Delivered
2206,43,2026-02-10,Delivered
2207,226,2025-03-24,Delivered
2208,71,2026-01-19,Delivered
2209,142,2025-08-06,Delivered
2210,96,2026-03-11,Delivered
2211,12,2025-07-02,Returned
2212,197,2025-08-24,Returned
2213,122,2025-07-04,Delivered
2214,211,2026-03-08,Delivered
2215,36,2025-12-21,Cancelled
2216,110,2026-05-13,Delivered
2217,37,2026-04-07,Cancelled
2218,245,2026-01-28,Delivered
2219,156,2026-03-22,Cancelled
2220,132,2026-01-14,Delivered
2221,210,2025-07-03,Delivered
2222,86,2025-04-25,Delivered
2223,72,2025-04-07,Delivered
2224,227,2026-04-15,Delivered
2225,15,2025-04-14,Delivered
2226,197,2025-01-23,Delivered
2227,226,2026-03-20,Cancelled
2228,231,2025-07-10,Delivered
2229,53,2025-01-06,Delivered
2230,76,2025-11-22,Delivered
2231,63,2026-04-17,Delivered
2232,98,2026-04-01,Delivered
2233,50,2026-02-17,Delivered
2234,145,2025-08-01,Delivered
2235,129,2025-06-20,Delivered
2236,80,2025-08-29,Delivered
2237,234,2026-02-10,Delivered
2238,222,2026-02-15,Delivered
2239,102,2025-11-22,Delivered
2240,81,2025-06-10,Returned
2241,228,2026-03-05,Delivered
2242,94,2026-04-29,Delivered
2243,135,2025-06-15,Delivered
2244,179,2025-05-16,Delivered
2245,127,2026-03-31,Delivered
2246,171,2026-06-17,Delivered
2247,131,2025-10-27,Delivered
2248,36,2025-04-25,Cancelled
2249,56,2025-03-17,Delivered
2250,98,2025-12-05,Delivered
2251,81,2026-01-15,Delivered
2252,179,2025-06-08,Delivered
2253,65,2025-11-07,Cancelled
2254,135,2026-06-14,Cancelled
2255,165,2026-05-29,Delivered
2256,131,2026-06-22,Delivered
2257,234,2025-11-13,Delivered
2258,190,2025-07-21,Delivered
2259,228,2026-06-21,Cancelled
2260,141,2025-03-23,Delivered
2261,126,2025-09-30,Delivered
2262,42,2025-08-01,Delivered
2263,35,2025-02-22,Returned
2264,123,2025-04-13,Delivered
2265,228,2026-03-30,Delivered
2266,72,2025-10-05,Delivered
2267,137,2025-11-03,Pending
2268,170,2026-03-27,Delivered
2269,227,2026-05-23,Delivered
2270,33,2025-12-17,Cancelled
2271,134,2026-06-28,Delivered
2272,168,2025-07-16,Delivered
2273,245,2026-03-03,Delivered
2274,89,2025-11-19,Delivered
2275,117,2026-02-18,Delivered
2276,43,2025-10-08,Delivered
2277,73,2025-01-25,Cancelled
2278,194,2026-05-31,Cancelled
2279,47,2026-04-27,Delivered
2280,103,2025-04-24,Returned
2281,191,2025-06-04,Cancelled
2282,142,2026-06-28,Delivered
2283,124,2025-07-08,Returned
2284,55,2025-09-23,Pending
2285,117,2026-05-14,Delivered
2286,14,2025-12-01,Delivered
2287,145,2025-04-26,Pending
2288,55,2026-03-18,Delivered
2289,205,2026-03-19,Delivered
2290,46,2025-12-01,Cancelled
2291,46,2025-07-31,Delivered
2292,234,2025-05-11,Delivered
2293,87,2025-10-05,Delivered
2294,225,2025-05-07,Returned
2295,55,2025-05-08,Delivered
2296,189,2025-08-03,Delivered
2297,197,2025-07-15,Delivered
2298,73,2026-04-13,Delivered
2299,220,2025-11-14,Delivered
2300,239,2025-11-28,Delivered
2301,41,2026-04-27,Delivered
2302,211,2025-06-28,Delivered
2303,105,2025-11-25,Cancelled
2304,130,2025-05-28,Delivered
2305,64,2025-03-09,Delivered
2306,220,2025-05-18,Delivered
2307,238,2025-04-09,Delivered
2308,137,2025-05-27,Cancelled
2309,115,2025-04-18,Returned
2310,87,2026-04-19,Delivered
2311,42,2025-05-29,Delivered
2312,6,2025-09-01,Delivered
2313,131,2026-02-20,Delivered
2314,142,2025-10-14,Delivered
2315,209,2026-07-17,Delivered
2316,201,2026-01-10,Delivered
2317,64,2025-04-24,Delivered
2318,89,2025-03-26,Delivered
2319,155,2026-06-28,Delivered
2320,47,2025-08-20,Delivered
2321,227,2025-05-20,Delivered
2322,56,2025-03-10,Delivered
2323,211,2025-09-06,Delivered
2324,152,2025-12-25,Delivered
2325,41,2025-06-05,Delivered
2326,96,2026-06-18,Delivered
2327,66,2025-05-08,Delivered
2328,75,2026-01-26,Pending
2329,64,2026-01-07,Delivered
2330,120,2025-10-14,Delivered
2331,179,2026-05-22,Delivered
2332,249,2026-05-15,Cancelled
2333,155,2025-04-11,Delivered
2334,120,2025-02-10,Delivered
2335,139,2026-03-19,Returned
2336,35,2025-01-30,Returned
2337,206,2025-09-27,Delivered
2338,195,2025-06-26,Delivered
2339,187,2025-11-17,Delivered
2340,98,2026-01-06,Delivered
2341,135,2025-10-31,Delivered
2342,32,2026-02-19,Delivered
2343,226,2025-03-26,Delivered
2344,72,2025-10-08,Delivered
2345,72,2025-08-10,Delivered
2346,220,2026-03-26,Delivered
2347,53,2026-02-14,Delivered
2348,75,2025-08-29,Delivered
2349,42,2025-09-10,Cancelled
2350,141,2025-08-22,Delivered
2351,122,2025-03-08,Delivered
2352,238,2025-09-16,Delivered
2353,90,2025-11-08,Delivered
2354,45,2025-11-19,Delivered
2355,47,2025-07-03,Delivered
2356,115,2025-05-22,Delivered
2357,73,2025-12-26,Delivered
2358,2,2025-01-13,Pending
2359,228,2025-03-13,Delivered
2360,178,2025-07-01,Cancelled
2361,207,2025-11-16,Delivered
2362,156,2026-04-11,Delivered
2363,238,2026-02-18,Delivered
2364,228,2025-04-12,Delivered
2365,79,2025-07-22,Delivered
2366,28,2025-04-17,Delivered
2367,132,2025-10-22,Cancelled
2368,150,2026-07-10,Returned
2369,13,2026-01-30,Pending
2370,172,2026-06-05,Delivered
2371,35,2025-08-15,Returned
2372,16,2025-04-30,Delivered
2373,43,2025-09-22,Delivered
2374,5,2026-01-22,Cancelled
2375,5,2025-02-12,Delivered
2376,37,2026-05-16,Returned
2377,195,2026-02-12,Pending
2378,73,2026-02-09,Delivered
2379,37,2026-02-02,Delivered
2380,104,2026-03-29,Delivered
2381,147,2025-12-16,Returned
2382,86,2025-07-08,Delivered
2383,155,2025-06-14,Delivered
2384,26,2025-01-18,Delivered
2385,4,2025-03-01,Delivered
2386,130,2026-01-31,Delivered
2387,196,2025-09-14,Delivered
2388,46,2026-01-04,Delivered
2389,239,2025-09-21,Delivered
2390,247,2025-12-28,Delivered
2391,128,2026-02-02,Delivered
2392,42,2025-09-09,Delivered
2393,225,2026-01-08,Delivered
2394,124,2026-02-27,Returned
2395,46,2026-06-14,Delivered
2396,111,2025-10-07,Delivered
2397,231,2025-02-06,Delivered
2398,31,2026-01-01,Returned
2399,26,2025-11-20,Delivered
2400,208,2025-06-05,Delivered
2401,116,2026-04-26,Delivered
2402,34,2026-01-26,Delivered
2403,150,2026-01-07,Pending
2404,98,2026-01-14,Delivered
2405,114,2025-07-21,Delivered
2406,72,2026-06-17,Delivered
2407,121,2026-04-15,Delivered
2408,147,2025-07-24,Delivered
2409,218,2026-02-21,Cancelled
2410,75,2025-03-28,Returned
2411,46,2025-03-31,Cancelled
2412,96,2025-05-05,Delivered
2413,231,2025-04-04,Delivered
2414,27,2026-06-27,Delivered
2415,155,2025-10-22,Delivered
2416,243,2026-07-10,Delivered
2417,91,2025-06-16,Pending
2418,135,2026-03-13,Delivered
2419,5,2025-09-15,Returned
2420,132,2025-03-03,Returned
2421,243,2025-11-23,Delivered
2422,195,2026-05-27,Delivered
2423,195,2025-06-24,Delivered
2424,128,2026-02-17,Returned
2425,194,2025-01-26,Delivered
2426,46,2025-08-11,Returned
2427,98,2026-02-06,Delivered
2428,131,2026-03-20,Delivered
2429,25,2025-03-10,Pending
2430,160,2026-03-16,Delivered
2431,173,2026-04-30,Delivered
2432,56,2025-08-28,Delivered
2433,205,2025-08-23,Delivered
2434,90,2026-01-29,Returned
2435,227,2025-09-30,Pending
2436,78,2025-03-02,Delivered
2437,101,2025-05-30,Delivered
2438,210,2025-05-04,Delivered
2439,139,2025-09-12,Delivered
2440,14,2026-03-08,Delivered
2441,110,2026-03-31,Delivered
2442,80,2025-11-27,Delivered
2443,53,2025-02-05,Delivered
2444,181,2025-03-07,Delivered
2445,98,2025-03-13,Delivered
2446,164,2025-06-08,Delivered
2447,24,2025-01-25,Delivered
2448,62,2025-06-06,Delivered
2449,179,2025-03-11,Delivered
2450,150,2025-03-24,Delivered
2451,229,2025-10-16,Delivered
2452,214,2025-09-20,Delivered
2453,166,2026-04-02,Delivered
2454,36,2025-07-30,Returned
2455,214,2025-11-07,Delivered
2456,145,2025-09-16,Returned
2457,214,2025-07-31,Cancelled
2458,245,2025-06-19,Delivered
2459,218,2025-01-12,Delivered
2460,54,2026-01-17,Delivered
2461,202,2025-11-06,Returned
2462,163,2025-02-01,Pending
2463,76,2026-05-07,Delivered
2464,170,2026-05-25,Delivered
2465,6,2025-03-06,Returned
2466,249,2026-03-22,Delivered
2467,31,2026-04-29,Delivered
2468,164,2026-02-16,Delivered
2469,169,2026-07-10,Returned
2470,226,2026-01-03,Delivered
2471,230,2025-05-29,Pending
2472,114,2025-04-25,Cancelled
2473,97,2026-01-18,Delivered
2474,197,2025-04-19,Delivered
2475,227,2025-01-01,Delivered
2476,87,2025-04-09,Delivered
2477,38,2026-02-17,Returned
2478,106,2026-05-05,Delivered
2479,100,2026-04-30,Delivered
2480,12,2026-05-15,Delivered
2481,214,2025-04-07,Delivered
2482,130,2026-07-20,Delivered
2483,152,2025-01-29,Delivered
2484,17,2026-06-14,Delivered
2485,15,2026-03-13,Delivered
2486,131,2025-06-30,Delivered
2487,132,2025-04-29,Delivered
2488,234,2026-03-25,Delivered
2489,227,2026-07-11,Delivered
2490,145,2025-03-08,Delivered
2491,230,2025-05-21,Returned
2492,168,2026-07-14,Delivered
2493,207,2026-02-28,Delivered
2494,87,2026-02-05,Delivered
2495,37,2026-06-28,Delivered
2496,220,2025-07-13,Cancelled
2497,158,2025-03-14,Cancelled
2498,200,2025-03-16,Delivered
2499,115,2025-02-13,Delivered
2500,64,2026-05-06,Returned
