order_item_id,order_id,product_id,quantity,price
1,1001,112,2,50082.65
2,1001,117,2,1109.75
3,1001,119,2,877.17
4,1002,103,1,2360.79
5,1003,118,1,427.68
6,1003,112,1,28104.98
7,1003,103,3,2347.43
8,1003,113,2,2462.87
9,1004,116,3,1078.45
10,1004,101,3,1252.82
11,1005,110,1,4152.79
12,1005,114,1,1426.15
13,1005,104,2,701.91
14,1006,118,2,766.71
15,1007,120,1,683.2
16,1007,114,1,1940.52
17,1007,109,1,51543.84
18,1008,112,2,12603.8
19,1008,102,1,2867.43
20,1008,113,2,639.19
21,1009,111,1,59346.02
22,1010,108,1,47635.66
23,1010,111,3,1665.88
24,1011,106,3,5332.24
25,1011,104,1,438.64
26,1012,109,1,8915.37
27,1013,112,3,36229.46
28,1014,117,2,825.51
29,1014,110,1,5058.29
30,1015,115,1,3627.29
31,1016,119,3,698.51
32,1017,120,2,269.42
33,1018,107,2,5440.46
34,1018,114,2,1554.05
35,1019,111,3,16411.05
36,1020,103,1,1522.88
37,1021,119,3,430.75
38,1021,118,1,581.35
39,1022,102,2,669.36
40,1022,110,3,13945.22
41,1022,119,3,537.53
42,1023,109,3,14730.31
43,1024,109,1,17486.32
44,1024,101,2,2796.0
45,1025,113,1,3041.59
46,1025,103,1,638.57
47,1026,112,2,43713.36
48,1027,105,3,1407.91
49,1027,106,2,4309.69
50,1027,102,2,1978.4
51,1028,114,1,1348.01
52,1029,113,3,502.69
53,1030,110,1,1952.2
54,1030,111,3,26693.32
55,1031,112,2,51913.22
56,1031,103,1,1534.17
57,1032,119,3,648.1
58,1032,113,2,726.14
59,1033,112,1,15734.01
60,1033,103,3,1441.17
61,1033,114,1,1764.34
62,1034,103,3,696.47
63,1034,117,3,353.6
64,1035,105,2,1986.36
65,1036,116,2,942.17
66,1037,111,1,28931.88
67,1037,105,3,2514.1
68,1037,115,2,2488.25
69,1038,102,2,2562.41
70,1039,117,2,759.35
71,1039,113,3,3614.74
72,1040,116,3,308.4
73,1041,103,1,2239.82
74,1041,117,2,700.27
75,1041,106,3,1793.73
76,1041,102,2,2786.64
77,1042,111,2,7028.6
78,1042,103,3,1405.07
79,1043,119,3,299.0
80,1044,103,2,1853.2
81,1045,117,3,853.98
82,1045,103,3,1340.75
83,1046,116,1,387.87
84,1047,118,1,845.03
85,1047,117,3,287.6
86,1048,102,2,2158.54
87,1048,114,1,3887.48
88,1049,108,2,57987.4
89,1050,119,2,523.18
90,1051,106,1,5006.3
91,1052,118,1,449.32
92,1052,104,1,1109.26
93,1052,117,3,304.72
94,1053,112,1,24692.56
95,1053,101,2,1013.02
96,1053,114,1,1687.18
97,1054,105,2,5586.98
98,1054,102,2,2209.79
99,1055,103,2,960.7
100,1055,101,1,1826.89
101,1056,108,1,4293.34
102,1056,110,2,38878.68
103,1057,101,3,1029.04
104,1057,117,1,455.84
105,1058,103,3,2934.1
106,1059,117,1,559.98
107,1059,118,2,195.71
108,1060,103,2,1026.93
109,1061,112,3,21305.01
110,1062,116,3,965.0
111,1062,106,2,1184.92
112,1062,105,1,1219.03
113,1062,103,1,2703.06
114,1063,118,3,350.66
115,1063,116,2,1055.25
116,1063,109,1,52149.2
117,1063,102,2,1110.36
118,1064,113,1,2135.95
119,1064,111,2,22989.8
120,1065,103,3,2987.26
121,1065,114,1,2318.26
122,1066,120,3,498.28
123,1067,112,2,38908.95
124,1067,114,1,577.65
125,1068,105,1,2179.98
126,1068,115,3,1655.42
127,1068,102,2,2868.61
128,1068,120,1,623.57
129,1069,103,3,758.01
130,1070,104,1,2312.75
131,1071,109,3,27606.98
132,1072,105,1,3260.21
133,1073,111,3,33217.02
134,1073,112,2,51304.68
135,1073,103,3,2244.87
136,1074,104,1,1015.51
137,1074,107,2,1131.42
138,1075,103,1,1204.16
139,1076,114,3,572.88
140,1077,117,2,284.75
141,1078,105,3,5553.56
142,1078,114,1,3376.15
143,1079,108,2,56927.76
144,1080,118,2,281.43
145,1081,119,1,319.84
146,1081,120,3,704.44
147,1082,101,3,2404.66
148,1082,103,2,2092.94
149,1082,102,3,1483.13
150,1083,110,2,15825.36
151,1084,102,1,1542.97
152,1085,111,3,59299.37
153,1086,104,1,1612.83
154,1086,111,2,27801.37
155,1087,114,2,3754.88
156,1087,108,3,19793.82
157,1087,106,1,3491.33
158,1088,103,2,1714.16
159,1089,110,2,36454.85
160,1090,104,1,2694.38
161,1090,114,3,1653.38
162,1091,107,3,2443.01
163,1091,112,2,30998.95
164,1092,104,2,1370.32
165,1093,107,2,3500.39
166,1093,117,1,190.86
167,1094,120,3,297.85
168,1095,110,3,32641.88
169,1095,119,3,594.05
170,1095,111,2,49221.31
171,1095,117,2,497.8
172,1096,101,2,2914.38
173,1096,116,3,756.52
174,1097,120,1,775.16
175,1097,113,1,416.81
176,1098,114,1,1827.95
177,1099,102,1,1858.31
178,1099,105,3,3391.85
179,1099,117,2,479.44
180,1100,109,1,57504.24
181,1100,116,2,735.99
182,1101,107,2,3399.02
183,1101,116,3,1130.39
184,1102,118,2,1009.3
185,1102,113,1,1374.67
186,1103,109,1,49935.17
187,1103,116,2,1129.68
188,1103,107,3,2358.11
189,1104,117,1,819.84
190,1105,105,1,5822.59
191,1106,107,2,2605.84
192,1107,108,3,43802.38
193,1107,118,1,1108.89
194,1108,102,1,2835.18
195,1108,113,2,3543.95
196,1108,116,1,463.31
197,1109,118,3,668.61
198,1110,104,2,822.49
199,1111,111,2,34715.2
200,1112,117,2,852.72
201,1112,111,1,58928.58
202,1112,103,2,1241.36
203,1113,109,2,19163.83
204,1114,102,2,1197.7
205,1114,104,2,2183.79
206,1115,110,3,14419.68
207,1115,112,1,29473.64
208,1116,118,2,945.22
209,1117,120,3,512.72
210,1117,103,3,1340.64
211,1118,107,1,1822.69
212,1118,119,3,509.29
213,1118,118,3,365.67
214,1119,102,2,743.06
215,1120,110,2,16385.75
216,1120,101,1,2339.09
217,1121,118,1,1185.44
218,1121,102,2,482.51
219,1122,113,2,3517.6
220,1123,112,1,11940.71
221,1124,101,3,2269.64
222,1124,110,2,32618.12
223,1124,115,1,1215.79
224,1125,114,3,3134.4
225,1126,120,1,512.51
226,1127,113,1,2297.11
227,1127,115,1,818.5
228,1128,111,2,52761.11
229,1128,108,3,31993.19
230,1129,114,2,473.47
231,1129,118,2,1138.67
232,1130,114,2,1692.9
233,1130,105,3,3367.59
234,1131,102,2,1848.95
235,1131,118,1,557.84
236,1131,114,2,1052.35
237,1132,107,1,2342.31
238,1133,119,3,670.02
239,1134,101,1,2836.62
240,1135,120,1,586.46
241,1135,107,2,2903.31
242,1135,113,3,2700.27
243,1136,116,2,1110.05
244,1137,101,3,2830.37
245,1137,109,3,43620.7
246,1138,108,2,33712.59
247,1139,116,1,296.96
248,1139,115,3,2106.77
249,1139,106,3,5951.62
250,1139,112,1,32150.75
251,1140,114,3,1156.3
252,1140,105,3,1755.15
253,1141,120,3,541.5
254,1141,116,1,708.82
255,1142,110,3,49069.7
256,1142,101,3,1519.49
257,1143,108,3,32297.68
258,1143,107,2,2336.62
259,1144,108,3,14712.65
260,1145,113,2,2345.0
261,1146,114,3,3202.19
262,1147,102,3,2707.64
263,1147,108,2,17359.06
264,1147,107,1,4422.14
265,1148,111,1,57745.95
266,1149,110,3,50327.06
267,1149,106,2,4385.17
268,1149,108,3,20906.2
269,1150,112,1,27069.66
270,1150,102,1,1285.54
271,1151,111,2,14846.1
272,1151,101,3,2846.97
273,1151,109,2,12365.66
274,1151,115,3,2744.49
275,1152,103,1,1388.0
276,1152,109,3,10525.2
277,1153,110,2,22555.17
278,1154,118,3,688.06
279,1155,111,1,18573.07
280,1155,113,2,3182.93
281,1156,106,1,1694.2
282,1156,113,2,1293.11
283,1157,116,1,529.18
284,1158,107,1,1677.45
285,1158,115,1,3810.65
286,1159,114,3,3904.63
287,1160,106,2,5843.63
288,1161,108,2,22853.41
289,1161,111,3,13188.3
290,1161,113,3,965.73
291,1161,109,3,3074.59
292,1162,110,3,5545.78
293,1163,110,1,16281.88
294,1164,120,2,607.57
295,1165,112,3,38833.55
296,1165,118,1,264.84
297,1166,102,3,2161.43
298,1166,119,2,876.77
299,1167,109,1,31374.56
300,1168,113,2,3157.67
301,1169,116,1,271.87
302,1169,104,3,768.36
303,1169,110,2,21569.4
304,1169,114,1,2228.12
305,1170,110,1,48895.88
306,1171,106,3,1872.27
307,1171,108,1,20862.89
308,1172,106,2,1145.96
309,1172,114,3,3567.46
310,1173,107,3,5043.65
311,1173,109,1,35274.85
312,1174,115,1,1270.71
313,1175,120,3,279.96
314,1175,113,2,3428.42
315,1176,119,2,282.5
316,1176,103,2,704.07
317,1176,105,2,4467.18
318,1177,114,2,2651.36
319,1177,106,3,5595.8
320,1178,105,1,2572.9
321,1179,116,3,680.71
322,1179,105,2,3045.67
323,1179,107,2,3078.15
324,1179,113,2,2108.19
325,1180,109,1,32950.1
326,1181,104,1,1096.51
327,1181,119,3,776.3
328,1182,115,1,3962.17
329,1182,118,1,922.79
330,1183,112,1,27185.59
331,1184,119,3,445.44
332,1185,107,1,3850.37
333,1185,120,3,396.76
334,1186,109,3,59151.07
335,1187,109,1,10055.24
336,1187,105,2,5142.41
337,1187,119,3,474.89
338,1188,103,3,2465.96
339,1189,112,2,20646.42
340,1189,115,1,3514.96
341,1190,112,3,24766.38
342,1190,103,2,2544.6
343,1191,119,1,596.3
344,1192,115,1,759.68
345,1193,114,1,3535.37
346,1193,107,2,1466.7
347,1193,105,2,2251.95
348,1193,110,2,40373.77
349,1194,108,3,6835.15
350,1194,114,1,304.02
351,1195,115,1,2873.71
352,1195,101,1,2969.2
353,1196,103,3,2495.49
354,1197,105,3,5964.7
355,1198,106,2,4612.16
356,1198,115,3,3068.59
357,1199,103,1,1932.89
358,1199,104,2,1313.99
359,1199,105,2,2572.52
360,1200,120,3,704.83
361,1201,110,3,31307.07
362,1201,107,3,2958.76
363,1201,117,3,207.3
364,1202,108,2,38827.82
365,1203,111,2,33461.84
366,1203,105,1,4813.63
367,1203,113,1,361.75
368,1203,114,1,351.04
369,1204,117,2,886.9
370,1204,114,1,2669.99
371,1205,117,1,1173.03
372,1206,114,3,3827.68
373,1207,120,3,238.52
374,1208,105,3,1056.75
375,1209,109,2,8925.44
376,1209,106,2,4664.68
377,1210,109,2,43170.91
378,1210,117,3,808.91
379,1210,103,2,1583.51
380,1211,109,1,53814.7
381,1212,101,1,519.55
382,1213,102,1,1236.69
383,1213,118,2,1111.65
384,1213,114,2,1303.65
385,1214,102,1,2491.28
386,1214,106,1,5770.4
387,1215,110,1,33855.85
388,1215,111,1,23081.78
389,1216,119,2,898.45
390,1217,108,1,56045.26
391,1217,105,1,2164.99
392,1218,101,1,1777.52
393,1218,113,1,1853.32
394,1218,110,1,58394.72
395,1218,104,1,2250.3
396,1219,112,2,58511.46
397,1220,113,3,2400.94
398,1220,103,2,2122.35
399,1221,113,2,1306.24
400,1221,111,1,56697.95
401,1221,119,1,745.96
402,1222,111,2,8563.1
403,1223,109,1,6789.62
404,1224,111,1,6835.95
405,1225,110,2,49475.24
406,1226,118,1,635.15
407,1226,108,1,8605.02
408,1227,113,2,2839.26
409,1228,103,1,2746.49
410,1228,101,2,2504.18
411,1228,120,1,833.55
412,1229,102,3,1427.0
413,1229,106,1,2913.65
414,1229,114,2,939.39
415,1230,105,1,4070.53
416,1231,118,2,214.03
417,1232,117,3,1193.79
418,1232,108,3,47998.51
419,1233,116,2,1108.31
420,1234,120,1,220.51
421,1235,119,1,270.09
422,1235,108,3,15607.44
423,1236,108,2,22256.07
424,1236,119,1,323.27
425,1237,101,3,2865.76
426,1237,112,2,33214.29
427,1237,105,1,3452.18
428,1238,116,1,498.32
429,1239,111,1,10141.15
430,1239,102,3,2784.78
431,1240,112,2,20372.29
432,1240,113,1,3009.7
433,1240,104,2,2458.79
434,1240,111,2,39477.05
435,1241,119,1,464.87
436,1242,119,3,222.67
437,1242,113,3,1477.4
438,1243,105,1,2734.05
439,1243,111,2,11321.41
440,1243,103,1,2536.32
441,1244,109,1,16098.14
442,1245,102,2,2304.72
443,1245,113,1,3572.84
444,1246,116,3,833.52
445,1247,102,1,1228.66
446,1247,110,1,5840.72
447,1248,103,3,2961.72
448,1248,111,2,42713.52
449,1249,104,2,934.43
450,1250,110,2,15396.57
451,1251,112,1,26514.95
452,1252,101,1,844.16
453,1253,113,2,2109.66
454,1254,112,2,23110.0
455,1255,109,3,5105.9
456,1256,118,3,388.89
457,1256,114,1,3410.95
458,1257,116,1,650.08
459,1257,119,1,476.36
460,1258,120,2,321.02
461,1258,105,1,5860.82
462,1258,104,1,728.08
463,1259,105,3,2289.43
464,1260,118,2,729.66
465,1261,120,3,747.18
466,1261,119,1,490.11
467,1262,119,3,816.1
468,1262,104,2,1086.76
469,1262,110,3,29906.71
470,1263,120,3,676.57
471,1264,102,2,2732.28
472,1264,116,1,504.76
473,1265,104,2,2932.97
474,1265,108,2,46780.81
475,1265,105,2,2347.1
476,1266,114,3,2092.5
477,1267,106,2,4547.85
478,1267,103,2,752.69
479,1268,107,1,2247.45
480,1269,115,3,1768.69
481,1270,120,2,324.31
482,1271,109,3,50105.91
483,1272,119,1,799.98
484,1273,117,3,159.34
485,1273,101,1,2083.17
486,1274,110,2,53885.75
487,1274,109,2,28351.38
488,1275,113,1,2192.6
489,1275,119,3,876.54
490,1275,104,2,1859.79
491,1276,111,2,38974.79
492,1277,117,1,1094.67
493,1278,105,3,3486.86
494,1278,101,2,1074.51
495,1279,119,2,708.58
496,1279,107,1,4431.59
497,1280,106,1,2468.92
498,1280,118,2,284.34
499,1281,111,2,14564.68
500,1281,103,2,1493.23
501,1281,108,2,23243.42
502,1282,119,3,861.01
503,1283,113,3,1403.92
504,1284,111,2,51950.05
505,1284,114,1,3182.08
506,1284,115,2,1530.73
507,1284,105,1,2567.07
508,1285,106,1,3447.89
509,1285,119,1,290.58
510,1286,113,3,1680.48
511,1286,101,1,2719.22
512,1286,102,3,895.5
513,1286,107,3,1020.62
514,1287,104,2,1708.67
515,1288,110,2,44078.17
516,1289,116,2,937.62
517,1290,108,3,59115.45
518,1291,112,3,39556.61
519,1292,120,3,896.28
520,1292,102,3,681.09
521,1293,113,1,2324.94
522,1294,104,3,1752.8
523,1295,104,2,696.43
524,1295,117,1,672.63
525,1295,120,3,339.82
526,1296,114,2,893.38
527,1297,101,1,2146.25
528,1298,103,3,595.13
529,1299,110,2,28660.23
530,1300,112,3,8280.21
531,1300,111,1,2065.83
532,1300,114,1,2754.41
533,1301,109,1,8159.17
534,1301,103,2,2902.01
535,1301,112,2,50388.94
536,1301,111,3,51264.29
537,1302,102,1,669.65
538,1303,113,2,2562.03
539,1304,116,1,1081.97
540,1305,117,3,755.48
541,1306,120,2,663.2
542,1306,104,1,1653.02
543,1307,118,3,1131.09
544,1307,102,3,2607.0
545,1307,101,2,2660.48
546,1308,109,1,31155.37
547,1309,115,3,1957.96
548,1310,101,1,1848.54
549,1310,104,1,2547.36
550,1310,113,3,3863.73
551,1310,114,3,1427.01
552,1311,112,2,34268.82
553,1311,102,3,1959.87
554,1311,108,3,39944.28
555,1311,115,3,1974.37
556,1312,110,3,32036.13
557,1313,114,1,1240.87
558,1314,107,3,2689.67
559,1315,115,3,2480.47
560,1315,120,3,294.25
561,1316,114,2,3720.17
562,1316,119,1,684.27
563,1317,120,3,817.89
564,1318,111,2,27991.47
565,1319,118,2,897.47
566,1320,110,3,21699.67
567,1321,111,2,34393.39
568,1321,104,3,1883.66
569,1322,114,1,2234.1
570,1323,106,2,4416.95
571,1324,118,1,526.62
572,1325,118,1,686.47
573,1325,113,3,1364.26
574,1326,111,3,4647.43
575,1327,112,3,36798.14
576,1327,119,3,875.0
577,1327,118,2,621.26
578,1328,104,1,1514.12
579,1328,113,3,1277.69
580,1329,105,1,1768.52
581,1330,119,3,450.66
582,1331,117,2,720.23
583,1331,103,2,639.06
584,1331,120,1,818.38
585,1331,106,3,2659.42
586,1332,118,3,159.24
587,1333,111,2,33103.88
588,1333,113,2,391.41
589,1333,104,3,2537.48
590,1333,119,2,560.02
591,1334,107,1,5741.06
592,1334,111,1,58340.28
593,1334,117,3,709.87
594,1335,114,3,3366.37
595,1335,104,3,2415.54
596,1335,107,3,5083.77
597,1336,111,1,6619.97
598,1337,108,2,24199.91
599,1337,109,3,25160.21
600,1338,120,3,609.93
601,1338,103,3,2605.45
602,1339,110,2,46268.54
603,1339,103,2,1391.68
604,1340,105,3,2474.89
605,1340,113,3,833.08
606,1341,101,1,508.61
607,1341,118,3,776.49
608,1341,119,3,583.27
609,1341,105,1,2523.46
610,1342,117,1,319.0
611,1343,119,1,795.97
612,1344,103,3,575.14
613,1344,110,1,13048.93
614,1345,108,1,18180.52
615,1346,120,3,413.97
616,1347,114,2,1210.85
617,1347,106,1,4561.0
618,1347,101,3,1533.92
619,1348,115,2,2101.79
620,1348,120,1,323.04
621,1348,112,3,6295.46
622,1349,103,3,596.04
623,1350,119,1,586.12
624,1350,113,3,3607.75
625,1350,107,3,3360.52
626,1351,119,2,550.79
627,1351,110,1,24711.93
628,1351,105,3,1052.96
629,1352,105,1,1895.73
630,1352,115,3,2739.83
631,1353,102,1,563.44
632,1353,108,2,15190.09
633,1353,116,3,367.11
634,1354,102,1,2229.71
635,1354,120,3,643.5
636,1354,111,2,50340.03
637,1355,113,2,2474.41
638,1356,108,3,25241.77
639,1357,101,2,830.58
640,1357,117,1,690.27
641,1357,105,2,2057.59
642,1358,114,3,719.35
643,1358,111,3,29510.66
644,1359,102,1,1891.06
645,1360,105,2,5612.23
646,1360,102,3,2891.42
647,1360,106,3,5846.22
648,1361,107,2,1852.83
649,1361,115,2,2523.1
650,1361,116,3,1011.48
651,1362,111,2,36397.2
652,1363,107,3,5297.96
653,1364,106,3,3999.07
654,1364,116,3,678.5
655,1365,118,3,591.72
656,1365,101,1,2213.87
657,1365,114,2,1149.1
658,1366,119,1,497.84
659,1367,118,2,420.7
660,1368,104,1,1375.08
661,1368,117,1,872.16
662,1369,119,2,382.91
663,1370,113,1,1669.79
664,1370,107,3,3418.8
665,1370,114,2,2437.31
666,1370,116,3,568.04
667,1371,115,1,1093.5
668,1371,106,2,4930.41
669,1372,101,1,2540.46
670,1373,108,2,6182.32
671,1374,117,3,1161.71
672,1374,110,1,56824.38
673,1375,117,2,354.48
674,1376,102,1,2103.05
675,1376,112,1,6580.3
676,1377,107,3,1076.83
677,1378,118,3,515.5
678,1379,113,3,317.21
679,1380,111,3,57467.5
680,1380,104,3,2514.18
681,1381,108,2,41373.29
682,1381,111,3,51928.36
683,1382,108,2,25626.92
684,1382,120,2,561.55
685,1383,113,3,3070.52
686,1384,112,1,53817.5
687,1385,107,1,4677.15
688,1386,120,1,283.91
689,1386,112,1,41035.01
690,1386,105,3,3463.32
691,1387,112,3,52322.98
692,1387,111,2,12198.0
693,1387,116,3,444.28
694,1388,114,3,420.48
695,1388,116,2,563.4
696,1389,115,3,331.15
697,1389,111,3,13829.01
698,1390,109,1,17260.38
699,1391,107,2,4503.56
700,1392,119,1,885.49
701,1393,118,1,303.14
702,1393,114,3,853.33
703,1393,113,1,953.45
704,1394,111,2,16181.98
705,1394,116,3,200.09
706,1395,116,3,501.39
707,1395,104,2,1336.8
708,1395,115,3,3747.82
709,1396,120,1,603.8
710,1397,117,2,963.48
711,1398,105,1,4202.9
712,1399,103,2,993.37
713,1399,120,2,657.11
714,1399,106,3,2337.36
715,1400,112,3,57983.27
716,1400,119,2,317.12
717,1401,103,1,1432.32
718,1401,107,1,1318.96
719,1402,117,1,425.57
720,1402,103,1,619.21
721,1403,110,2,38149.12
722,1404,112,2,52058.11
723,1405,105,1,3954.15
724,1405,118,2,812.6
725,1406,118,2,655.73
726,1406,110,1,48575.4
727,1407,101,1,1760.62
728,1408,101,3,2797.43
729,1409,110,1,33570.41
730,1409,108,1,25586.55
731,1410,113,1,1273.03
732,1410,120,2,637.73
733,1411,118,2,583.55
734,1412,115,3,1975.24
735,1413,102,3,457.54
736,1414,101,1,791.78
737,1414,108,2,14205.5
738,1415,115,1,507.34
739,1415,102,2,585.6
740,1415,111,2,12123.82
741,1415,103,2,2524.85
742,1416,115,1,3029.19
743,1417,107,2,4407.21
744,1417,116,2,1133.03
745,1418,109,3,18980.57
746,1418,116,2,1081.9
747,1419,114,2,355.75
748,1420,101,3,2437.04
749,1420,102,2,2189.86
750,1421,103,3,2008.48
751,1422,105,3,3681.77
752,1423,112,3,23599.48
753,1423,115,3,798.51
754,1423,107,1,3426.51
755,1423,101,2,1853.46
756,1424,111,2,52258.22
757,1424,115,3,3683.55
758,1425,109,3,22976.09
759,1426,101,3,1020.85
760,1426,112,3,5205.49
761,1427,116,1,793.69
762,1427,118,2,580.29
763,1428,105,1,5367.46
764,1429,113,3,2112.67
765,1430,120,3,249.61
766,1431,103,2,1850.85
767,1431,115,2,3341.5
768,1431,102,3,551.58
769,1432,103,1,663.19
770,1432,107,1,3658.31
771,1432,117,1,352.78
772,1433,118,3,260.79
773,1433,114,3,2433.29
774,1434,106,2,3523.46
775,1434,120,3,310.72
776,1434,118,3,615.16
777,1435,114,3,1190.67
778,1435,120,3,349.75
779,1435,111,3,55679.59
780,1436,101,3,751.22
781,1436,102,2,417.08
782,1436,110,1,14067.13
783,1436,120,2,215.19
784,1437,117,1,189.62
785,1437,118,2,313.91
786,1437,105,2,2835.41
787,1438,113,3,3696.16
788,1439,119,1,616.66
789,1440,102,2,1304.62
790,1441,108,1,19329.83
791,1441,101,1,1230.22
792,1441,113,3,853.45
793,1442,113,3,2428.44
794,1442,115,1,1121.72
795,1443,116,3,932.58
796,1444,105,2,3796.48
797,1444,120,2,476.72
798,1445,103,2,2419.61
799,1446,114,2,1651.49
800,1447,106,3,5107.92
801,1447,112,2,37956.16
802,1448,112,1,45827.43
803,1449,120,1,808.13
804,1450,116,1,498.47
805,1451,109,2,37947.96
806,1451,118,1,879.82
807,1452,106,1,2420.07
808,1453,101,1,1410.48
809,1454,101,1,2947.46
810,1454,110,3,58631.8
811,1454,113,1,3644.33
812,1455,117,2,738.72
813,1456,116,2,931.61
814,1457,108,2,48995.73
815,1457,117,3,420.56
816,1458,109,2,53984.76
817,1458,108,3,9529.75
818,1458,105,3,2911.04
819,1459,119,1,498.53
820,1460,107,3,3706.77
821,1460,105,1,5312.94
822,1461,114,2,550.91
823,1461,105,3,5743.01
824,1461,106,1,1920.68
825,1462,114,2,1939.12
826,1462,120,3,853.28
827,1463,101,3,2004.06
828,1464,101,2,606.64
829,1465,112,2,30249.57
830,1465,106,1,1818.93
831,1466,114,1,544.7
832,1466,108,2,52227.05
833,1466,107,2,4439.31
834,1467,102,3,2311.86
835,1468,102,1,1574.18
836,1468,117,1,1071.67
837,1469,117,1,455.74
838,1469,102,2,2699.43
839,1470,120,1,682.97
840,1471,117,1,338.76
841,1472,114,2,1968.28
842,1473,103,3,2086.3
843,1473,109,3,48094.44
844,1473,111,3,44395.85
845,1474,113,3,3226.95
846,1475,102,2,1870.28
847,1475,106,3,5313.36
848,1476,110,3,46464.88
849,1477,107,1,3293.21
850,1477,101,2,1813.1
851,1477,109,1,37067.06
852,1478,115,1,2524.5
853,1479,118,1,344.08
854,1479,107,1,4266.38
855,1480,103,1,683.11
856,1481,120,3,324.19
857,1481,119,2,724.53
858,1482,113,1,3106.24
859,1483,109,2,32332.58
860,1484,117,1,657.85
861,1485,111,2,32235.39
862,1486,116,3,813.45
863,1486,117,2,998.38
864,1487,101,3,2471.5
865,1487,104,3,2604.98
866,1487,120,3,899.29
867,1487,115,2,468.32
868,1488,107,3,2408.13
869,1489,101,3,1266.54
870,1489,104,2,2283.43
871,1490,111,3,29527.83
872,1491,115,3,3614.94
873,1492,110,3,32849.3
874,1492,119,1,604.18
875,1492,111,2,48272.82
876,1493,101,2,2957.41
877,1494,104,2,2233.69
878,1495,108,2,27936.52
879,1496,112,1,47000.74
880,1497,117,1,507.12
881,1497,105,2,4662.21
882,1498,104,3,2981.07
883,1498,117,1,910.8
884,1499,110,1,41692.56
885,1500,104,1,1901.66
886,1500,117,2,820.79
887,1500,110,1,20271.5
888,1501,104,1,809.49
889,1501,109,1,2392.52
890,1502,118,2,298.63
891,1502,111,3,48534.17
892,1503,111,2,4467.48
893,1503,118,1,644.27
894,1504,113,1,2907.31
895,1505,110,1,43204.57
896,1505,111,3,48844.04
897,1506,103,1,1584.52
898,1506,115,3,2684.35
899,1507,120,2,839.0
900,1508,111,2,3270.45
901,1508,115,2,717.68
902,1509,120,1,555.56
903,1509,119,2,772.29
904,1510,118,2,770.06
905,1510,115,1,2597.24
906,1511,107,3,3954.85
907,1512,108,3,40671.9
908,1512,106,3,5654.32
909,1513,104,2,858.05
910,1514,120,2,546.01
911,1514,113,3,527.48
912,1515,105,3,2457.52
913,1515,115,3,2438.35
914,1516,110,2,43490.79
915,1517,117,1,1045.13
916,1517,113,1,1666.12
917,1518,110,1,15261.61
918,1519,113,2,2316.94
919,1519,120,3,321.39
920,1520,105,1,1058.01
921,1520,110,3,2418.91
922,1520,120,3,819.42
923,1521,114,2,3606.26
924,1522,114,3,3334.26
925,1523,119,3,365.72
926,1523,116,3,432.71
927,1524,119,3,537.07
928,1524,116,3,234.07
929,1524,112,3,44280.65
930,1524,104,2,1608.83
931,1525,103,3,2047.59
932,1526,118,2,688.3
933,1526,101,2,1892.31
934,1526,116,2,592.07
935,1527,120,3,412.85
936,1528,119,3,893.26
937,1528,102,3,2023.22
938,1529,109,2,9253.52
939,1530,120,3,717.28
940,1530,106,3,3233.27
941,1531,117,1,509.99
942,1532,114,3,1928.68
943,1532,113,3,918.95
944,1532,108,3,44460.12
945,1533,115,2,2062.06
946,1534,113,2,1271.71
947,1535,115,3,2826.64
948,1535,113,1,660.25
949,1535,111,3,38789.31
950,1536,109,1,16437.62
951,1537,119,3,436.18
952,1537,107,3,5966.07
953,1538,101,3,670.16
954,1538,114,2,1600.61
955,1538,104,3,1136.57
956,1539,120,3,825.78
957,1540,104,3,737.76
958,1540,103,3,2386.03
959,1541,106,2,4302.39
960,1541,109,1,38868.66
961,1541,110,2,46507.51
962,1542,103,2,2420.48
963,1543,109,1,27273.63
964,1544,116,1,301.07
965,1545,109,1,5619.12
966,1545,104,3,1051.55
967,1545,102,2,448.79
968,1546,113,3,1520.37
969,1546,109,2,35116.45
970,1546,105,3,4538.03
971,1547,103,1,1399.5
972,1547,118,3,1008.88
973,1547,108,2,8590.41
974,1548,113,3,3988.96
975,1548,102,3,635.73
976,1549,110,3,3800.87
977,1549,107,2,4303.67
978,1549,106,2,4479.41
979,1550,115,3,1001.02
980,1551,103,3,2072.86
981,1552,101,2,2448.22
982,1552,102,1,1454.32
983,1552,111,1,48715.57
984,1552,119,3,566.18
985,1553,119,1,847.37
986,1554,120,1,369.88
987,1555,104,3,566.29
988,1555,115,1,722.46
989,1555,106,3,4995.88
990,1556,113,2,746.97
991,1557,107,2,1316.11
992,1557,102,2,767.22
993,1557,106,2,1840.25
994,1558,102,3,1992.35
995,1558,105,1,1078.15
996,1558,104,2,609.88
997,1559,116,3,283.24
998,1560,106,3,4458.37
999,1561,110,2,1767.35
1000,1561,112,1,12726.32
1001,1562,118,2,958.85
1002,1562,117,3,368.51
1003,1562,108,1,12832.56
1004,1563,106,3,5613.37
1005,1564,111,3,48601.49
1006,1565,106,2,3574.52
1007,1565,120,1,826.56
1008,1565,101,3,1556.53
1009,1566,104,2,992.23
1010,1567,108,1,29052.93
1011,1568,120,2,324.64
1012,1569,109,2,8941.89
1013,1569,107,3,3843.33
1014,1570,106,2,2099.27
1015,1571,118,1,582.28
1016,1571,108,3,30118.98
1017,1572,114,3,3528.61
1018,1573,119,2,886.13
1019,1573,105,1,5956.37
1020,1573,101,3,2398.38
1021,1574,104,1,616.04
1022,1574,115,1,2864.69
1023,1574,116,2,1147.43
1024,1575,110,1,42643.31
1025,1576,115,2,2619.2
1026,1576,105,3,4167.01
1027,1576,113,3,561.58
1028,1576,106,3,2664.53
1029,1577,120,3,756.14
1030,1577,118,3,235.01
1031,1578,112,1,23902.87
1032,1578,102,2,2009.75
1033,1579,107,2,2193.16
1034,1579,105,1,4245.19
1035,1580,108,2,54029.08
1036,1580,111,3,41293.26
1037,1581,117,3,1021.04
1038,1582,115,1,3600.04
1039,1582,112,2,6607.56
1040,1582,103,2,2734.66
1041,1583,104,3,784.68
1042,1584,118,1,647.6
1043,1585,103,1,2666.66
1044,1586,111,3,39294.0
1045,1587,115,3,788.23
1046,1587,120,2,320.22
1047,1587,110,2,14766.74
1048,1588,110,2,57438.51
1049,1589,106,3,4464.3
1050,1590,111,3,8898.7
1051,1591,112,2,27733.1
1052,1591,105,1,3668.21
1053,1592,115,1,315.89
1054,1592,111,3,33449.52
1055,1593,110,3,40512.93
1056,1594,104,3,1645.35
1057,1595,113,3,3411.24
1058,1596,107,3,2110.72
1059,1596,119,2,337.0
1060,1597,113,3,2538.79
1061,1597,107,1,5542.23
1062,1597,116,2,567.44
1063,1597,111,3,51447.54
1064,1598,110,2,52646.65
1065,1599,114,2,906.02
1066,1599,115,3,3890.33
1067,1600,120,1,412.26
1068,1600,103,3,2965.26
1069,1600,105,1,5665.76
1070,1601,109,2,11731.24
1071,1602,113,2,2349.31
1072,1603,115,1,399.31
1073,1604,110,2,11993.28
1074,1605,109,2,59668.48
1075,1606,109,3,49369.43
1076,1606,116,2,688.15
1077,1607,105,2,5391.59
1078,1607,111,1,22407.05
1079,1608,110,3,38878.37
1080,1609,120,3,425.82
1081,1609,106,2,5134.11
1082,1610,119,2,776.32
1083,1611,114,1,678.95
1084,1611,111,1,30947.9
1085,1612,118,2,1111.83
1086,1612,104,1,2529.0
1087,1612,114,1,2074.22
1088,1613,120,1,696.93
1089,1613,117,1,931.68
1090,1613,111,1,14507.93
1091,1614,107,1,5905.55
1092,1615,116,2,194.64
1093,1616,116,2,195.45
1094,1616,104,2,2135.72
1095,1617,107,3,2757.67
1096,1617,106,1,1727.78
1097,1618,117,3,793.6
1098,1619,107,1,5508.3
1099,1619,110,3,1753.24
1100,1620,116,2,857.2
1101,1620,112,1,12079.64
1102,1620,106,2,5906.51
1103,1621,111,1,28755.25
1104,1622,118,1,494.52
1105,1622,102,1,1400.43
1106,1623,114,2,3944.36
1107,1624,112,3,30261.43
1108,1624,106,1,2981.85
1109,1624,101,3,2112.23
1110,1625,104,1,1345.65
1111,1625,106,1,2693.16
1112,1626,114,3,2146.71
1113,1627,113,2,2766.7
1114,1627,112,2,59270.11
1115,1628,109,2,30590.52
1116,1629,103,3,469.55
1117,1629,116,1,551.76
1118,1630,117,2,362.03
1119,1630,116,3,672.79
1120,1631,102,1,1397.44
1121,1631,114,2,3455.63
1122,1632,110,2,26694.85
1123,1632,106,2,4578.62
1124,1633,118,2,649.71
1125,1633,119,1,554.68
1126,1634,112,2,5093.3
1127,1634,110,3,4139.43
1128,1635,111,1,26546.67
1129,1635,113,2,1824.14
1130,1636,119,3,245.85
1131,1636,103,2,697.63
1132,1637,114,3,2204.61
1133,1638,111,3,24332.6
1134,1638,113,3,661.58
1135,1639,117,3,506.52
1136,1640,103,3,956.61
1137,1641,120,3,435.79
1138,1641,103,1,1872.71
1139,1641,104,3,1635.7
1140,1642,110,3,33086.93
1141,1642,114,1,1832.96
1142,1643,101,3,2228.66
1143,1644,115,3,2271.06
1144,1644,109,3,51387.32
1145,1645,112,1,15561.88
1146,1645,115,3,2835.63
1147,1646,103,2,2541.65
1148,1646,107,3,1802.92
1149,1646,114,3,2524.56
1150,1647,110,2,29894.87
1151,1648,109,1,3204.8
1152,1649,102,3,1663.19
1153,1650,110,1,54183.63
1154,1651,105,1,1559.66
1155,1652,119,2,547.52
1156,1652,117,1,399.98
1157,1653,113,1,833.83
1158,1653,108,1,14025.36
1159,1653,114,2,1926.06
1160,1654,104,3,1501.83
1161,1654,111,3,15911.28
1162,1655,112,2,2732.84
1163,1656,108,3,24004.38
1164,1656,109,3,57571.29
1165,1657,108,2,1960.17
1166,1657,115,2,3731.78
1167,1658,106,2,4156.76
1168,1659,109,2,29058.84
1169,1659,103,2,2808.89
1170,1660,109,2,26120.93
1171,1660,117,3,1004.1
1172,1660,103,3,1249.6
1173,1661,105,2,2000.38
1174,1661,101,2,1215.68
1175,1662,105,2,3257.45
1176,1662,114,3,793.99
1177,1663,107,2,2838.0
1178,1663,103,2,2678.61
1179,1664,101,3,2082.48
1180,1665,106,1,3005.17
1181,1666,106,3,3629.19
1182,1666,119,2,779.08
1183,1666,104,2,708.13
1184,1666,101,3,928.18
1185,1667,116,2,286.71
1186,1668,107,1,3042.62
1187,1668,114,1,406.46
1188,1669,112,1,2103.73
1189,1669,119,1,810.01
1190,1669,115,3,1770.95
1191,1670,109,1,34084.5
1192,1670,103,1,1265.44
1193,1671,117,3,549.98
1194,1672,118,1,678.93
1195,1672,102,2,2682.53
1196,1672,106,1,1448.24
1197,1672,109,3,32529.79
1198,1673,116,2,1097.93
1199,1673,109,2,37356.5
1200,1673,112,2,31742.9
1201,1673,114,2,3602.89
1202,1674,115,1,849.9
1203,1674,102,1,876.17
1204,1675,116,1,613.6
1205,1676,105,1,2748.02
1206,1677,109,3,35762.13
1207,1677,119,3,898.6
1208,1678,103,1,2397.46
1209,1679,104,2,1371.25
1210,1680,103,2,2559.82
1211,1681,101,1,2106.05
1212,1681,111,2,20507.55
1213,1682,102,3,1135.68
1214,1683,113,1,1188.3
1215,1683,103,2,631.89
1216,1683,120,1,314.06
1217,1683,109,2,18168.75
1218,1684,114,3,3283.51
1219,1685,104,2,1732.9
1220,1686,120,2,263.16
1221,1687,114,1,449.62
1222,1688,105,3,4147.8
1223,1688,116,3,238.17
1224,1689,105,3,5514.52
1225,1690,118,1,689.09
1226,1690,103,3,1504.78
1227,1691,119,1,738.05
1228,1692,106,2,1226.29
1229,1693,115,3,3288.99
1230,1693,120,2,876.7
1231,1694,120,2,810.13
1232,1695,101,1,2105.08
1233,1696,120,2,683.46
1234,1697,105,1,1954.01
1235,1698,107,3,2208.9
1236,1698,116,3,1051.1
1237,1698,105,3,1954.57
1238,1699,104,1,2746.28
1239,1700,115,3,1197.73
1240,1701,101,1,2039.07
1241,1702,120,2,225.91
1242,1702,118,2,660.41
1243,1703,102,3,449.45
1244,1704,114,2,2603.98
1245,1704,116,3,514.1
1246,1704,104,3,1534.2
1247,1705,108,3,14352.59
1248,1706,110,3,43116.03
1249,1707,106,2,4453.49
1250,1707,107,1,4335.28
1251,1708,114,2,1423.51
1252,1709,109,2,41100.28
1253,1710,103,2,1519.61
1254,1711,111,2,46508.37
1255,1712,117,2,988.94
1256,1712,104,1,2934.12
1257,1712,102,3,1985.11
1258,1713,106,1,5554.93
1259,1713,104,1,2293.71
1260,1714,104,3,1345.72
1261,1714,105,1,1614.92
1262,1715,116,2,451.1
1263,1716,108,1,45562.57
1264,1717,114,3,3240.05
1265,1717,120,2,860.62
1266,1717,115,2,838.66
1267,1718,111,2,58943.78
1268,1719,105,1,5888.66
1269,1719,119,3,759.35
1270,1720,118,2,907.63
1271,1721,120,2,650.72
1272,1721,105,3,4121.8
1273,1721,113,3,2712.54
1274,1722,110,1,32939.86
1275,1722,103,2,2285.26
1276,1723,103,3,1834.64
1277,1724,118,3,421.62
1278,1725,104,3,1719.5
1279,1725,102,1,524.11
1280,1725,112,3,56568.57
1281,1725,109,2,18930.73
1282,1726,119,3,363.69
1283,1726,120,2,399.17
1284,1726,118,3,751.4
1285,1727,117,3,352.18
1286,1728,114,1,530.12
1287,1728,103,1,1638.26
1288,1729,118,3,967.77
1289,1730,116,3,283.48
1290,1730,114,3,1993.54
1291,1730,106,3,3565.93
1292,1730,105,3,1590.29
1293,1731,112,1,8570.69
1294,1731,104,3,1152.94
1295,1731,114,3,867.23
1296,1732,101,1,769.56
1297,1733,107,1,1611.64
1298,1733,106,2,1337.82
1299,1733,116,1,588.45
1300,1734,116,1,680.0
1301,1734,105,2,4808.39
1302,1735,120,3,636.51
1303,1736,115,3,627.56
1304,1736,109,1,42871.7
1305,1737,104,1,900.31
1306,1737,118,3,718.93
1307,1738,116,3,1091.71
1308,1739,109,1,48704.88
1309,1739,107,3,2602.16
1310,1739,108,3,4131.54
1311,1739,115,1,1557.84
1312,1740,109,1,8206.71
1313,1741,103,1,1197.66
1314,1742,102,2,1413.84
1315,1743,104,1,926.65
1316,1744,117,1,432.75
1317,1744,113,2,2019.85
1318,1745,101,3,2905.03
1319,1745,109,3,7438.3
1320,1746,114,2,610.46
1321,1747,106,1,3687.68
1322,1748,115,3,1370.22
1323,1749,109,3,23738.98
1324,1750,106,3,3670.45
1325,1751,118,1,790.97
1326,1751,109,2,53210.0
1327,1751,114,2,2650.13
1328,1752,111,2,13821.5
1329,1753,101,1,2743.76
1330,1753,116,3,332.21
1331,1754,118,3,833.83
1332,1754,103,3,480.46
1333,1755,113,3,1624.47
1334,1756,112,1,27507.79
1335,1757,112,1,49252.43
1336,1757,107,3,2515.89
1337,1758,102,1,909.83
1338,1758,109,3,24671.04
1339,1758,116,2,747.56
1340,1758,107,2,1852.39
1341,1759,105,3,1325.25
1342,1760,109,3,41147.47
1343,1760,107,3,2264.61
1344,1760,101,3,2696.07
1345,1761,111,2,8620.49
1346,1761,114,3,2026.37
1347,1761,119,2,562.08
1348,1762,114,3,1960.79
1349,1763,101,1,2784.19
1350,1763,108,1,11122.17
1351,1763,114,2,532.52
1352,1764,119,1,275.49
1353,1764,111,1,57589.96
1354,1764,109,1,49565.58
1355,1765,120,1,637.74
1356,1765,115,3,761.86
1357,1766,103,1,561.21
1358,1767,102,3,535.73
1359,1768,120,3,636.81
1360,1769,120,3,856.31
1361,1769,104,1,1580.6
1362,1769,111,2,35887.08
1363,1770,107,1,4186.82
1364,1770,119,2,448.77
1365,1771,102,1,731.97
1366,1772,118,1,304.78
1367,1773,117,1,682.46
1368,1773,119,3,801.09
1369,1773,105,2,2719.08
1370,1773,102,1,2065.44
1371,1774,115,3,2394.56
1372,1774,111,2,37542.03
1373,1775,102,1,2060.79
1374,1775,116,3,391.79
1375,1775,108,3,13968.6
1376,1776,113,1,3356.51
1377,1776,107,1,2814.09
1378,1776,120,1,450.52
1379,1777,119,2,230.73
1380,1778,109,3,11695.64
1381,1779,109,1,2728.13
1382,1780,107,2,3281.02
1383,1781,120,1,301.1
1384,1781,114,1,3241.12
1385,1781,103,1,1784.64
1386,1782,108,1,20669.32
1387,1782,102,1,2036.59
1388,1782,107,2,5364.26
1389,1782,110,3,58150.48
1390,1783,120,1,556.03
1391,1783,103,3,2352.95
1392,1784,112,3,42128.82
1393,1785,119,1,353.67
1394,1785,102,1,1575.41
1395,1786,119,2,585.39
1396,1786,106,1,4758.11
1397,1786,112,2,27503.56
1398,1787,111,2,28851.73
1399,1787,114,2,1659.79
1400,1788,108,2,39253.26
1401,1789,103,1,655.86
1402,1789,109,1,22573.86
1403,1790,109,1,42780.09
1404,1791,101,2,2436.13
1405,1791,110,2,56830.18
1406,1791,119,3,730.46
1407,1792,108,2,15172.81
1408,1792,120,3,750.18
1409,1792,107,2,4612.55
1410,1793,114,2,1964.9
1411,1793,120,3,221.07
1412,1793,107,1,3887.54
1413,1794,112,2,14691.2
1414,1795,119,1,597.3
1415,1796,120,2,886.12
1416,1796,119,1,864.08
1417,1797,119,2,647.3
1418,1798,120,2,218.79
1419,1799,108,2,40084.84
1420,1800,111,2,24379.66
1421,1801,103,2,2883.25
1422,1802,116,1,783.89
1423,1803,115,1,327.54
1424,1803,109,1,27575.3
1425,1804,119,2,523.89
1426,1804,116,1,924.16
1427,1805,110,2,37362.11
1428,1806,120,3,502.45
1429,1807,102,1,2702.41
1430,1808,103,3,2289.0
1431,1809,118,1,679.61
1432,1809,104,2,1466.25
1433,1809,112,1,16286.85
1434,1809,103,3,516.05
1435,1810,113,1,1767.7
1436,1811,115,2,2007.02
1437,1812,109,1,11479.46
1438,1813,113,1,587.07
1439,1814,106,1,4572.06
1440,1815,117,2,874.86
1441,1815,104,2,536.28
1442,1816,112,1,2438.25
1443,1816,108,1,59373.5
1444,1816,107,2,5102.63
1445,1817,106,1,3078.4
1446,1817,120,1,770.94
1447,1818,113,1,1090.99
1448,1818,114,2,1496.46
1449,1818,104,1,1445.56
1450,1819,109,3,37998.7
1451,1820,120,2,888.17
1452,1821,104,3,1243.32
1453,1822,111,3,29704.63
1454,1823,108,3,35866.91
1455,1824,114,1,2593.14
1456,1825,113,1,2675.54
1457,1826,111,2,20076.01
1458,1826,105,1,3604.36
1459,1827,108,2,15671.57
1460,1827,111,3,4663.33
1461,1828,113,2,979.12
1462,1828,117,3,156.34
1463,1829,105,1,1627.8
1464,1830,103,2,2284.97
1465,1831,120,1,412.17
1466,1832,116,1,1148.56
1467,1833,117,3,921.67
1468,1834,113,2,3459.96
1469,1835,106,2,2902.25
1470,1836,105,3,3346.29
1471,1837,112,2,56506.67
1472,1837,116,3,541.8
1473,1837,113,2,1438.9
1474,1838,104,2,2888.45
1475,1838,113,3,1589.74
1476,1838,106,3,3443.11
1477,1838,107,3,2840.9
1478,1839,108,1,55405.91
1479,1839,116,2,812.5
1480,1840,115,3,845.26
1481,1841,103,3,2250.18
1482,1842,107,1,5148.75
1483,1842,114,2,2859.8
1484,1843,114,1,2653.87
1485,1843,103,2,2516.99
1486,1844,101,2,404.1
1487,1844,106,1,4868.72
1488,1845,106,2,1932.0
1489,1845,120,1,338.61
1490,1846,107,1,1294.91
1491,1846,106,1,5045.89
1492,1847,120,1,807.85
1493,1848,103,2,477.13
1494,1849,109,1,40421.35
1495,1850,101,3,1752.19
1496,1850,113,2,3748.88
1497,1851,111,2,49285.56
1498,1852,112,1,1680.45
1499,1852,111,3,25005.79
1500,1853,117,3,939.01
1501,1853,109,1,23053.15
1502,1854,107,3,5787.74
1503,1854,101,2,443.24
1504,1855,108,2,44743.47
1505,1855,116,1,515.75
1506,1856,104,3,772.22
1507,1856,113,3,3542.07
1508,1856,110,3,31021.24
1509,1856,107,1,3489.63
1510,1857,115,2,2751.78
1511,1857,106,1,2216.78
1512,1857,120,1,727.28
1513,1857,104,3,2219.76
1514,1858,111,2,46329.07
1515,1859,104,1,2468.41
1516,1859,105,2,5359.7
1517,1859,118,3,954.65
1518,1859,116,3,217.9
1519,1860,118,1,384.73
1520,1860,114,1,1376.61
1521,1861,104,2,731.29
1522,1861,119,2,867.85
1523,1862,107,2,2598.21
1524,1862,113,2,3250.82
1525,1863,101,3,2616.14
1526,1864,116,3,447.56
1527,1864,115,3,2761.8
1528,1864,105,3,1171.72
1529,1865,119,2,641.75
1530,1866,111,1,49931.25
1531,1867,102,2,2291.23
1532,1867,106,2,5921.95
1533,1868,111,3,29195.16
1534,1868,114,2,3103.54
1535,1869,107,3,5281.26
1536,1870,110,3,9547.32
1537,1870,115,3,2085.03
1538,1870,106,1,2048.83
1539,1871,119,1,674.82
1540,1872,106,1,2777.92
1541,1872,102,2,867.05
1542,1873,105,1,1169.96
1543,1873,113,1,1767.59
1544,1874,113,2,3500.11
1545,1874,103,3,1393.46
1546,1875,103,1,1671.97
1547,1876,119,2,685.61
1548,1876,116,1,984.06
1549,1877,105,1,2626.14
1550,1878,101,2,1845.76
1551,1879,119,3,699.62
1552,1880,104,3,1562.81
1553,1880,106,2,1615.23
1554,1880,119,1,602.56
1555,1880,101,3,819.15
1556,1881,104,3,1176.3
1557,1882,102,3,2752.01
1558,1883,111,2,36961.07
1559,1883,117,3,370.33
1560,1884,105,2,5280.43
1561,1885,112,2,9016.79
1562,1886,106,2,3280.34
1563,1887,103,3,2211.69
1564,1887,109,1,43295.03
1565,1888,114,2,3972.06
1566,1888,105,2,2894.71
1567,1889,104,3,1825.76
1568,1890,109,2,2077.0
1569,1890,105,2,5897.43
1570,1890,108,1,23649.99
1571,1891,110,2,7089.12
1572,1891,119,2,690.32
1573,1892,106,1,2725.86
1574,1892,111,3,41152.0
1575,1892,113,3,2341.19
1576,1893,117,3,313.27
1577,1894,112,3,46985.4
1578,1895,112,2,30880.41
1579,1896,103,2,1456.94
1580,1897,108,1,11159.12
1581,1898,101,3,754.71
1582,1898,114,2,2205.54
1583,1898,117,3,1082.48
1584,1899,101,3,1297.16
1585,1899,114,3,2746.34
1586,1899,118,3,868.28
1587,1900,117,1,228.88
1588,1900,108,1,31550.54
1589,1901,104,2,2776.52
1590,1902,116,2,427.99
1591,1903,110,3,31658.45
1592,1904,101,3,1596.92
1593,1905,106,1,1506.69
1594,1905,113,2,1030.91
1595,1905,112,3,31587.64
1596,1906,109,1,29035.87
1597,1907,109,2,39892.36
1598,1907,104,2,820.77
1599,1908,107,2,1201.28
1600,1908,104,2,1494.75
1601,1908,120,2,830.7
1602,1909,109,3,30490.7
1603,1909,104,3,2257.23
1604,1909,114,2,3079.03
1605,1909,116,2,676.95
1606,1910,104,1,727.92
1607,1911,111,2,58621.65
1608,1912,103,2,1044.14
1609,1913,104,2,2985.07
1610,1914,104,3,2299.19
1611,1915,105,2,1191.83
1612,1916,107,1,5321.75
1613,1917,114,2,526.99
1614,1918,109,2,43127.76
1615,1919,102,3,2336.36
1616,1920,109,2,22769.5
1617,1921,105,2,4706.46
1618,1921,111,2,44961.52
1619,1922,107,2,1436.16
1620,1922,119,1,291.34
1621,1923,115,1,577.05
1622,1924,107,1,1958.53
1623,1924,118,3,897.18
1624,1924,105,3,5875.63
1625,1924,102,2,1566.05
1626,1925,117,3,980.43
1627,1926,119,1,756.07
1628,1927,118,3,1170.12
1629,1928,113,3,1304.53
1630,1928,120,1,202.52
1631,1929,117,3,906.61
1632,1929,115,2,1422.62
1633,1929,120,1,407.45
1634,1930,108,2,3786.8
1635,1931,102,3,2948.06
1636,1932,112,3,36901.83
1637,1933,105,2,5491.68
1638,1934,108,2,58338.88
1639,1934,109,3,39953.08
1640,1934,106,3,1532.21
1641,1935,120,2,354.45
1642,1935,118,2,364.11
1643,1935,107,3,5038.66
1644,1936,114,1,3638.02
1645,1936,112,1,30513.73
1646,1937,116,3,339.43
1647,1938,120,1,250.43
1648,1938,107,1,3275.12
1649,1938,103,3,2923.0
1650,1939,113,1,707.13
1651,1939,120,1,734.41
1652,1940,109,3,36578.78
1653,1940,105,1,5788.09
1654,1941,103,2,2375.15
1655,1941,107,2,5077.32
1656,1941,105,2,2658.78
1657,1942,104,1,667.32
1658,1942,101,2,666.67
1659,1943,101,2,783.18
1660,1943,108,3,18280.5
1661,1943,114,3,1723.55
1662,1944,104,1,664.51
1663,1945,103,1,1971.72
1664,1946,105,3,5087.81
1665,1946,110,2,52711.03
1666,1947,103,3,781.13
1667,1947,101,1,1415.56
1668,1947,105,3,4984.25
1669,1948,109,1,20398.62
1670,1948,105,1,1909.36
1671,1949,114,3,3235.96
1672,1950,118,2,715.68
1673,1951,119,3,495.29
1674,1952,108,1,13391.86
1675,1952,112,1,22700.31
1676,1953,112,2,51151.96
1677,1954,118,2,404.62
1678,1955,105,2,4665.41
1679,1956,119,2,786.21
1680,1956,103,1,478.48
1681,1957,114,1,3132.05
1682,1958,110,2,43769.61
1683,1958,116,2,970.47
1684,1959,102,3,2352.95
1685,1960,115,3,3369.22
1686,1960,118,3,676.97
1687,1961,103,3,1381.66
1688,1962,108,1,49616.54
1689,1962,113,3,2538.81
1690,1963,113,2,909.85
1691,1964,104,1,1343.02
1692,1965,118,1,218.59
1693,1966,107,3,5646.01
1694,1967,116,1,480.31
1695,1967,102,2,422.04
1696,1968,111,3,22316.48
1697,1968,113,1,2899.83
1698,1969,105,1,3935.88
1699,1970,105,3,3315.53
1700,1971,105,3,5961.39
1701,1971,106,3,4256.97
1702,1971,117,2,619.85
1703,1972,113,1,1072.64
1704,1973,116,1,299.75
1705,1973,104,2,1822.55
1706,1974,115,2,927.96
1707,1975,103,1,2247.7
1708,1976,115,1,3895.22
1709,1976,105,2,1197.96
1710,1977,117,3,1149.65
1711,1978,102,3,2941.32
1712,1979,104,2,1377.14
1713,1980,115,3,645.96
1714,1981,106,3,1541.74
1715,1982,111,1,20061.16
1716,1983,115,1,2316.8
1717,1984,102,3,2412.93
1718,1985,107,3,3114.6
1719,1985,102,2,2052.79
1720,1985,120,1,299.22
1721,1985,101,2,1453.18
1722,1986,109,1,6907.81
1723,1986,106,2,2710.1
1724,1987,116,3,973.05
1725,1987,120,3,505.75
1726,1987,118,3,748.83
1727,1988,119,3,301.23
1728,1989,115,1,2147.95
1729,1990,101,2,2852.64
1730,1991,107,2,4482.23
1731,1992,107,3,3884.18
1732,1993,110,3,49414.51
1733,1994,112,2,49948.87
1734,1995,106,2,3141.92
1735,1996,110,3,41780.21
1736,1997,104,1,1690.65
1737,1997,103,3,2810.8
1738,1997,101,1,2047.17
1739,1997,114,3,2450.56
1740,1998,115,3,1710.0
1741,1999,115,2,3659.58
1742,2000,112,1,31192.31
1743,2001,114,2,420.9
1744,2001,108,1,10472.46
1745,2001,101,2,2586.0
1746,2002,119,2,369.28
1747,2003,119,3,473.29
1748,2003,114,3,942.75
1749,2003,105,2,3586.39
1750,2004,119,3,841.67
1751,2004,113,3,888.5
1752,2005,119,1,219.47
1753,2006,101,2,2049.6
1754,2006,105,2,1932.78
1755,2007,108,2,40066.58
1756,2007,113,2,606.96
1757,2008,120,1,274.95
1758,2009,112,1,24361.81
1759,2010,103,1,2187.07
1760,2011,106,1,4298.33
1761,2011,110,3,36989.31
1762,2011,101,1,704.74
1763,2012,117,3,417.23
1764,2013,117,1,377.12
1765,2014,108,1,44073.02
1766,2015,103,2,2241.02
1767,2016,113,1,1225.34
1768,2017,104,1,2879.78
1769,2017,119,2,503.43
1770,2017,110,2,26288.63
1771,2017,106,3,2358.37
1772,2018,119,2,461.77
1773,2019,117,2,784.08
1774,2019,109,3,57097.12
1775,2019,114,3,1603.34
1776,2020,106,2,2226.59
1777,2021,104,2,2189.56
1778,2021,101,3,1255.06
1779,2022,113,3,1085.05
1780,2022,110,1,7520.83
1781,2023,114,2,3309.56
1782,2023,120,1,337.99
1783,2024,104,2,844.96
1784,2025,119,1,838.15
1785,2026,118,3,191.08
1786,2027,114,2,3088.66
1787,2027,110,2,6166.38
1788,2027,109,2,30388.39
1789,2028,104,2,2838.03
1790,2029,111,3,43868.82
1791,2030,118,2,1077.49
1792,2030,101,1,688.09
1793,2030,102,2,595.11
1794,2031,106,1,3917.27
1795,2032,114,3,752.78
1796,2032,115,3,1189.94
1797,2033,116,1,246.39
1798,2034,108,3,6063.98
1799,2034,107,2,1301.33
1800,2035,104,2,942.52
1801,2036,110,3,10508.94
1802,2036,115,3,690.94
1803,2037,120,1,248.05
1804,2037,117,2,322.41
1805,2037,107,2,5757.47
1806,2037,113,3,2699.02
1807,2038,115,1,1287.0
1808,2039,118,1,522.15
1809,2040,102,2,1361.43
1810,2040,115,1,2699.9
1811,2041,106,3,2379.63
1812,2042,108,1,8238.49
1813,2042,104,1,1895.6
1814,2043,120,3,701.08
1815,2044,106,1,2738.17
1816,2045,117,3,803.22
1817,2046,103,1,887.1
1818,2047,114,1,956.81
1819,2047,111,2,53053.57
1820,2048,116,1,662.72
1821,2048,119,1,530.8
1822,2049,117,1,964.02
1823,2049,120,1,413.22
1824,2049,106,3,2678.39
1825,2050,116,2,532.5
1826,2051,120,2,680.05
1827,2051,116,3,821.79
1828,2051,104,1,2944.46
1829,2052,101,1,1901.72
1830,2053,107,3,1539.66
1831,2053,113,2,3545.43
1832,2054,117,2,560.58
1833,2054,106,2,5726.33
1834,2054,109,2,19595.41
1835,2054,112,1,35401.73
1836,2055,115,3,3882.17
1837,2056,105,2,4404.62
1838,2057,110,1,48287.43
1839,2058,104,2,413.23
1840,2058,102,2,2116.66
1841,2058,116,1,202.4
1842,2059,118,1,898.86
1843,2059,105,1,5979.57
1844,2060,102,2,2825.63
1845,2061,104,2,2792.5
1846,2062,111,1,41474.29
1847,2062,119,1,375.01
1848,2063,119,3,522.81
1849,2064,117,2,878.84
1850,2065,114,2,1855.87
1851,2066,114,1,2447.19
1852,2066,103,2,730.91
1853,2066,105,3,5499.56
1854,2066,110,2,4631.86
1855,2067,117,2,1031.16
1856,2068,104,2,1870.15
1857,2069,117,3,365.32
1858,2069,102,1,1861.33
1859,2070,110,3,59365.78
1860,2071,101,1,1969.86
1861,2072,101,3,1553.92
1862,2073,106,1,5208.6
1863,2074,120,1,645.34
1864,2074,104,1,768.38
1865,2074,114,3,2732.62
1866,2075,116,2,453.92
1867,2076,113,3,3259.46
1868,2076,120,2,491.83
1869,2077,113,1,2447.99
1870,2078,112,1,28872.57
1871,2079,117,1,516.28
1872,2080,105,2,4279.67
1873,2081,110,2,5490.29
1874,2082,106,3,5637.06
1875,2082,119,3,567.8
1876,2083,113,1,409.23
1877,2083,103,3,813.87
1878,2084,108,3,48042.89
1879,2085,114,1,2564.04
1880,2085,103,1,497.29
1881,2086,101,2,679.92
1882,2086,106,2,2888.14
1883,2087,116,2,862.79
1884,2088,107,3,5799.16
1885,2088,103,1,929.2
1886,2088,101,1,2722.56
1887,2089,111,2,12623.01
1888,2089,106,1,3851.85
1889,2089,117,2,675.89
1890,2090,115,1,2405.86
1891,2090,114,1,3194.83
1892,2090,113,2,673.38
1893,2091,108,2,55452.99
1894,2092,106,3,3876.78
1895,2092,110,3,56010.83
1896,2092,103,3,1211.82
1897,2093,109,1,21275.65
1898,2093,101,2,921.33
1899,2094,111,1,30372.97
1900,2094,102,3,2751.24
1901,2095,103,2,1955.18
1902,2096,105,2,4616.65
1903,2097,114,2,3191.7
1904,2097,116,1,172.52
1905,2098,113,3,2084.04
1906,2098,101,2,2390.77
1907,2099,104,1,2732.58
1908,2099,115,2,1601.62
1909,2100,119,1,358.99
1910,2101,101,1,599.19
1911,2101,108,1,27155.52
1912,2102,105,3,1384.02
1913,2102,113,2,3771.97
1914,2102,116,1,669.68
1915,2102,104,3,2514.9
1916,2103,112,2,52334.8
1917,2103,118,1,703.19
1918,2104,112,2,42771.85
1919,2105,117,3,730.61
1920,2105,108,1,23284.81
1921,2105,110,1,3598.26
1922,2106,101,2,1929.42
1923,2106,116,2,1018.54
1924,2106,102,1,555.27
1925,2106,109,3,23960.27
1926,2107,107,2,1922.13
1927,2108,112,1,54738.16
1928,2109,119,2,708.05
1929,2109,107,3,3170.38
1930,2109,101,2,2434.79
1931,2110,110,2,26294.35
1932,2110,118,3,746.72
1933,2111,108,1,54601.19
1934,2112,108,3,18805.76
1935,2113,109,3,48900.18
1936,2114,106,1,3199.55
1937,2114,115,2,436.91
1938,2114,119,2,536.15
1939,2115,103,3,1833.76
1940,2115,109,1,27265.71
1941,2116,105,1,5356.2
1942,2116,108,3,4400.41
1943,2116,106,1,4273.0
1944,2117,102,3,992.68
1945,2117,118,3,1191.57
1946,2118,102,2,683.83
1947,2118,108,3,27463.04
1948,2119,114,3,1877.96
1949,2119,103,2,772.01
1950,2120,112,1,23045.66
1951,2120,116,2,1126.82
1952,2120,110,3,2993.81
1953,2120,101,3,949.85
1954,2121,112,2,50097.52
1955,2121,107,1,4285.3
1956,2122,108,3,44383.17
1957,2122,119,3,758.74
1958,2122,117,3,645.95
1959,2122,114,3,2225.24
1960,2123,111,1,28165.54
1961,2123,108,3,58385.22
1962,2123,112,3,15601.22
1963,2124,118,3,230.27
1964,2125,114,1,2406.57
1965,2126,114,3,2463.59
1966,2127,104,1,1462.11
1967,2128,107,2,1077.56
1968,2128,106,1,3093.13
1969,2129,105,2,1119.66
1970,2129,102,1,2973.83
1971,2130,112,3,34081.04
1972,2130,105,3,2466.96
1973,2130,113,2,3620.48
1974,2131,102,2,2040.16
1975,2131,103,3,2570.49
1976,2131,112,2,45823.11
1977,2131,115,3,798.04
1978,2132,101,3,1941.93
1979,2133,117,3,767.48
1980,2134,102,3,1745.96
1981,2135,113,2,3102.01
1982,2136,109,3,52955.65
1983,2137,109,2,27176.63
1984,2138,104,1,937.79
1985,2138,108,3,45659.59
1986,2138,109,1,36505.91
1987,2138,105,1,5799.28
1988,2139,101,2,928.17
1989,2140,115,1,2950.13
1990,2140,110,1,27497.7
1991,2141,104,3,593.31
1992,2141,112,1,31163.02
1993,2141,103,2,1579.01
1994,2141,108,3,31501.38
1995,2142,102,3,2464.91
1996,2142,114,2,1004.48
1997,2142,104,3,2118.94
1998,2143,119,2,810.48
1999,2144,106,3,3483.63
2000,2145,107,2,3788.69
2001,2145,101,1,2245.98
2002,2145,114,1,1847.19
2003,2145,103,2,1994.78
2004,2146,106,2,5203.46
2005,2147,113,3,2079.55
2006,2147,112,1,14307.44
2007,2148,115,2,1215.37
2008,2149,112,3,8991.39
2009,2149,113,2,3408.45
2010,2150,109,3,14083.71
2011,2151,111,2,24395.64
2012,2152,108,2,38721.57
2013,2153,106,1,4897.76
2014,2153,118,1,1145.27
2015,2154,101,2,634.66
2016,2155,117,2,712.25
2017,2155,107,1,5190.75
2018,2156,112,1,33847.64
2019,2156,111,1,56490.81
2020,2156,114,1,3428.28
2021,2157,116,1,314.79
2022,2158,104,2,2103.72
2023,2159,103,3,2229.07
2024,2159,120,3,490.77
2025,2159,117,1,929.78
2026,2160,113,3,3479.42
2027,2160,107,2,3125.76
2028,2161,109,3,35207.77
2029,2162,118,3,709.86
2030,2162,109,1,23870.89
2031,2162,116,2,913.94
2032,2162,110,2,46117.97
2033,2163,108,2,23134.57
2034,2164,103,1,1858.3
2035,2165,113,3,3400.86
2036,2166,116,2,582.45
2037,2167,119,3,484.57
2038,2168,111,2,28490.26
2039,2168,108,2,31594.22
2040,2169,114,1,3100.48
2041,2169,103,1,1751.84
2042,2169,113,1,914.93
2043,2170,116,2,296.86
2044,2170,106,3,3090.74
2045,2170,117,1,461.59
2046,2171,120,3,655.15
2047,2171,112,1,18476.51
2048,2172,109,2,13821.1
2049,2172,116,2,1123.43
2050,2173,116,1,483.57
2051,2174,107,1,4470.23
2052,2175,120,1,445.32
2053,2175,106,3,5416.72
2054,2176,114,3,2998.5
2055,2177,107,3,1762.11
2056,2177,103,3,962.75
2057,2178,119,2,602.96
2058,2178,113,3,2537.67
2059,2179,101,1,2971.63
2060,2180,116,1,489.5
2061,2181,114,2,2151.39
2062,2181,116,1,402.81
2063,2181,111,2,23572.61
2064,2182,111,3,50768.19
2065,2182,117,1,1142.76
2066,2182,103,2,2249.5
2067,2183,109,3,54136.08
2068,2183,104,3,1305.27
2069,2184,112,1,37592.99
2070,2184,114,1,1715.09
2071,2185,112,3,12900.98
2072,2186,117,1,829.58
2073,2186,101,3,1644.71
2074,2186,109,1,59750.66
2075,2187,101,1,1630.97
2076,2187,116,3,938.12
2077,2187,115,1,441.32
2078,2187,119,1,629.04
2079,2188,105,1,1280.24
2080,2188,103,3,2247.54
2081,2188,114,2,660.66
2082,2189,101,3,2605.4
2083,2189,111,2,54017.58
2084,2190,113,3,2777.67
2085,2190,114,1,1013.88
2086,2191,115,1,1319.44
2087,2192,101,2,1857.45
2088,2192,110,1,21474.97
2089,2193,103,1,2296.83
2090,2194,101,3,1373.78
2091,2194,107,1,5385.99
2092,2195,105,1,2896.55
2093,2195,110,2,11913.24
2094,2196,109,2,16672.21
2095,2196,107,2,2322.73
2096,2196,106,2,2775.77
2097,2197,106,1,5748.33
2098,2198,114,2,2888.72
2099,2198,112,3,33769.26
2100,2198,110,3,47966.26
2101,2198,107,1,3566.36
2102,2199,104,3,2111.66
2103,2200,113,3,2477.05
2104,2201,101,2,1270.25
2105,2201,106,3,5514.9
2106,2201,114,1,3678.65
2107,2202,115,3,2431.07
2108,2202,120,2,711.67
2109,2203,116,2,192.14
2110,2203,113,1,3123.74
2111,2204,109,3,24943.88
2112,2205,117,1,846.58
2113,2205,107,1,5851.63
2114,2205,105,2,4964.32
2115,2206,101,3,783.48
2116,2207,107,2,1450.83
2117,2208,106,2,1499.57
2118,2209,113,1,1734.02
2119,2209,115,2,3123.26
2120,2209,108,1,24893.19
2121,2210,118,2,662.72
2122,2210,103,3,2922.59
2123,2211,112,2,30835.17
2124,2211,120,1,627.4
2125,2212,107,1,2056.16
2126,2213,110,2,24128.71
2127,2214,113,3,2214.19
2128,2215,104,1,818.3
2129,2215,113,1,2426.32
2130,2216,113,1,1420.93
2131,2216,114,2,3045.64
2132,2217,116,3,1170.36
2133,2217,111,1,47451.44
2134,2218,103,2,2865.32
2135,2218,105,3,3950.77
2136,2218,101,1,1738.73
2137,2219,110,1,8610.76
2138,2220,111,3,18824.45
2139,2221,114,1,1953.05
2140,2222,102,3,2320.57
2141,2223,105,3,3467.25
2142,2224,108,3,28317.54
2143,2224,117,1,492.92
2144,2225,103,2,2811.35
2145,2226,109,3,39694.38
2146,2227,107,3,3570.2
2147,2227,119,1,685.98
2148,2227,109,1,23392.83
2149,2227,110,2,14089.74
2150,2228,102,3,1436.54
2151,2229,101,2,2108.75
2152,2230,108,1,42977.0
2153,2231,120,3,472.33
2154,2231,111,3,2235.18
2155,2232,116,1,708.85
2156,2233,119,1,641.97
2157,2234,117,2,456.41
2158,2234,112,2,27912.7
2159,2235,119,2,897.08
2160,2235,114,1,3080.14
2161,2236,118,1,547.35
2162,2237,104,3,1152.31
2163,2238,112,2,54176.85
2164,2238,107,2,2597.02
2165,2239,118,1,1052.01
2166,2239,113,2,3100.26
2167,2240,106,1,3663.33
2168,2240,113,2,3122.86
2169,2240,110,3,11577.83
2170,2241,114,1,2555.91
2171,2241,107,3,5994.55
2172,2241,101,3,1883.52
2173,2241,108,2,56811.11
2174,2242,112,3,36678.54
2175,2242,101,3,1412.28
2176,2243,108,1,29121.88
2177,2244,101,1,1901.77
2178,2245,106,3,5189.38
2179,2245,115,1,1205.99
2180,2245,117,3,1160.6
2181,2245,104,1,2346.38
2182,2246,113,3,2288.16
2183,2246,103,3,2419.15
2184,2246,114,3,3960.07
2185,2246,109,3,2887.63
2186,2247,102,3,2811.21
2187,2247,112,3,39503.34
2188,2247,113,2,3213.47
2189,2248,112,3,21380.33
2190,2248,114,1,3243.55
2191,2249,116,1,944.83
2192,2250,109,2,36274.05
2193,2250,119,1,303.62
2194,2251,110,3,10760.69
2195,2251,120,3,413.32
2196,2252,105,3,2461.66
2197,2252,120,2,380.11
2198,2253,101,2,1346.82
2199,2254,120,1,880.68
2200,2255,112,2,52126.41
2201,2256,116,2,164.94
2202,2257,105,2,4043.21
2203,2258,115,3,3677.0
2204,2259,107,2,4132.01
2205,2259,112,2,31183.87
2206,2259,102,2,1838.54
2207,2260,102,1,1065.79
2208,2260,115,3,975.93
2209,2260,117,3,1050.4
2210,2260,108,1,41843.79
2211,2261,103,3,2559.8
2212,2261,107,1,5530.7
2213,2262,119,3,534.1
2214,2263,103,1,1643.58
2215,2264,107,2,3846.65
2216,2264,116,3,601.24
2217,2265,107,3,4072.07
2218,2265,119,2,894.57
2219,2266,106,2,3536.46
2220,2267,118,1,508.2
2221,2268,106,2,1032.59
2222,2269,103,2,2149.74
2223,2270,118,1,967.73
2224,2270,106,1,2066.08
2225,2271,110,3,13802.08
2226,2272,106,3,4312.95
2227,2272,120,2,869.69
2228,2273,109,2,29110.93
2229,2273,108,2,23191.28
2230,2274,114,3,1756.11
2231,2275,114,2,2689.43
2232,2276,107,1,4310.27
2233,2277,113,2,2364.85
2234,2278,109,1,5853.97
2235,2279,102,2,2966.02
2236,2279,113,3,1687.57
2237,2279,116,1,208.92
2238,2279,108,2,17648.7
2239,2280,103,2,2940.66
2240,2281,119,3,261.6
2241,2281,107,1,2639.21
2242,2282,101,3,2249.65
2243,2282,105,2,5786.0
2244,2282,103,2,2753.27
2245,2283,108,2,22688.92
2246,2284,101,1,709.9
2247,2285,117,3,542.15
2248,2285,102,3,1536.74
2249,2286,116,3,500.44
2250,2286,110,1,44464.38
2251,2287,117,3,1118.62
2252,2287,103,3,2090.45
2253,2288,115,3,1522.59
2254,2288,120,1,653.49
2255,2288,105,2,3270.24
2256,2289,113,1,2607.65
2257,2289,119,2,213.21
2258,2289,110,1,20359.48
2259,2290,107,2,5466.22
2260,2290,119,3,807.07
2261,2291,104,1,1786.9
2262,2292,103,2,2814.01
2263,2292,111,3,13715.22
2264,2293,107,2,1136.48
2265,2294,113,3,3460.5
2266,2294,101,1,1389.08
2267,2294,115,2,1922.62
2268,2295,106,3,5566.42
2269,2296,116,3,785.09
2270,2297,103,3,1335.63
2271,2298,113,2,1781.14
2272,2299,114,3,612.47
2273,2299,110,3,48894.91
2274,2299,108,2,2427.23
2275,2300,108,1,34527.89
2276,2301,102,3,2118.48
2277,2301,107,2,4087.78
2278,2302,105,1,4932.78
2279,2302,106,1,3487.78
2280,2302,112,2,25113.78
2281,2303,101,2,474.09
2282,2304,102,3,2278.56
2283,2304,118,1,316.08
2284,2304,113,1,1590.07
2285,2305,116,2,1182.54
2286,2306,101,2,2738.83
2287,2306,110,2,8999.62
2288,2306,116,3,716.99
2289,2307,119,1,288.08
2290,2308,103,3,646.45
2291,2309,109,1,44206.77
2292,2310,117,3,1187.03
2293,2310,120,2,731.93
2294,2311,102,3,524.85
2295,2311,113,1,3924.26
2296,2312,111,1,34967.07
2297,2313,107,2,4106.56
2298,2314,117,2,1196.52
2299,2314,111,1,16434.14
2300,2315,104,3,2626.16
2301,2316,101,3,728.19
2302,2317,110,1,52588.44
2303,2318,117,1,298.79
2304,2318,106,3,2109.29
2305,2318,113,1,1035.11
2306,2318,120,3,447.76
2307,2319,118,3,391.94
2308,2319,112,3,11255.08
2309,2320,105,1,2392.11
2310,2320,118,2,461.32
2311,2320,114,3,3896.43
2312,2321,110,1,16202.76
2313,2321,101,3,2137.11
2314,2322,114,1,832.03
2315,2323,106,3,3095.05
2316,2324,109,1,53719.35
2317,2325,105,3,2377.35
2318,2326,104,3,1955.96
2319,2327,120,1,249.28
2320,2327,115,3,1563.1
2321,2328,109,2,35721.25
2322,2328,104,3,2197.74
2323,2328,115,2,3106.3
2324,2329,116,3,1161.41
2325,2330,109,2,26049.25
2326,2330,120,2,888.16
2327,2330,117,1,163.57
2328,2331,114,3,1283.29
2329,2332,119,3,563.28
2330,2332,113,3,1715.57
2331,2333,104,2,1908.32
2332,2333,108,3,54371.69
2333,2334,115,2,2421.38
2334,2335,101,3,869.92
2335,2335,107,3,5729.75
2336,2336,109,3,21626.91
2337,2336,112,1,17683.0
2338,2337,106,3,4854.04
2339,2337,107,3,4241.43
2340,2338,103,3,1799.41
2341,2338,111,1,20017.25
2342,2338,112,2,7425.94
2343,2339,106,1,2323.4
2344,2339,113,3,2096.13
2345,2340,106,1,1557.4
2346,2340,111,3,19665.86
2347,2341,118,2,799.39
2348,2341,106,1,1993.1
2349,2342,105,2,2983.78
2350,2342,111,2,7562.12
2351,2342,118,3,1005.3
2352,2343,108,2,49828.84
2353,2344,108,3,59020.84
2354,2345,110,1,57928.54
2355,2346,118,3,351.85
2356,2347,113,3,3248.15
2357,2347,109,2,48500.43
2358,2348,112,1,57548.33
2359,2349,119,1,886.71
2360,2349,105,3,4541.77
2361,2350,118,2,432.59
2362,2350,108,1,28423.97
2363,2351,106,3,4251.39
2364,2351,101,2,1639.23
2365,2351,118,3,305.27
2366,2351,115,3,1611.33
2367,2352,101,3,2387.35
2368,2352,116,1,1185.52
2369,2352,114,1,2748.66
2370,2353,119,3,862.39
2371,2354,120,3,283.78
2372,2354,102,1,1996.01
2373,2354,112,3,25702.12
2374,2355,101,2,631.67
2375,2355,116,2,752.7
2376,2355,104,3,1407.37
2377,2356,106,2,1887.05
2378,2356,104,2,2685.57
2379,2356,110,2,6807.97
2380,2357,103,3,1070.2
2381,2357,111,3,5062.7
2382,2357,115,3,518.84
2383,2357,104,2,648.27
2384,2358,113,2,402.32
2385,2359,107,2,1484.83
2386,2359,116,3,1108.25
2387,2359,106,3,2870.84
2388,2359,120,1,824.01
2389,2360,115,3,443.46
2390,2360,101,3,2709.41
2391,2361,104,3,1748.07
2392,2361,112,1,30612.59
2393,2361,106,3,1776.26
2394,2362,118,1,852.14
2395,2362,113,1,1551.87
2396,2362,115,2,823.11
2397,2363,102,2,2508.36
2398,2364,103,3,1895.23
2399,2364,111,3,32017.86
2400,2364,117,3,825.36
2401,2365,114,2,1910.01
2402,2366,116,3,558.25
2403,2367,102,1,889.01
2404,2367,117,1,472.48
2405,2368,111,3,4305.43
2406,2369,118,1,1014.93
2407,2370,106,2,4405.67
2408,2370,117,1,1106.2
2409,2371,103,2,937.52
2410,2371,107,3,4065.09
2411,2372,101,1,2966.42
2412,2372,108,1,23249.35
2413,2372,111,2,4118.27
2414,2373,114,1,3779.01
2415,2373,119,3,715.64
2416,2373,110,2,25438.4
2417,2374,107,2,2267.13
2418,2375,115,3,2851.15
2419,2375,105,1,4187.99
2420,2376,118,2,325.74
2421,2377,110,2,51547.22
2422,2378,107,2,2003.94
2423,2378,103,3,2988.45
2424,2378,118,2,652.76
2425,2379,103,1,1533.47
2426,2380,102,1,2398.23
2427,2380,117,3,483.82
2428,2381,109,2,13237.98
2429,2381,106,3,1282.14
2430,2381,112,2,10456.2
2431,2382,111,1,52473.23
2432,2382,115,1,3420.66
2433,2383,111,1,8014.9
2434,2384,106,2,1192.15
2435,2384,111,1,41532.52
2436,2385,119,3,224.64
2437,2385,104,3,592.2
2438,2385,108,3,49703.91
2439,2386,120,2,514.77
2440,2387,115,2,3701.88
2441,2388,110,3,44262.24
2442,2389,112,2,9923.05
2443,2389,101,2,1466.97
2444,2389,114,3,3451.23
2445,2390,113,2,3569.4
2446,2391,111,2,40424.35
2447,2392,107,3,1973.01
2448,2393,118,3,472.24
2449,2393,114,2,822.93
2450,2393,112,1,33255.48
2451,2394,107,2,3758.47
2452,2395,115,1,2867.69
2453,2396,119,1,487.9
2454,2396,105,2,2228.49
2455,2396,113,3,783.05
2456,2396,107,2,2581.07
2457,2397,103,1,422.54
2458,2397,120,1,432.06
2459,2398,105,1,2537.81
2460,2399,115,2,2903.33
2461,2399,116,2,468.4
2462,2400,104,3,2766.6
2463,2401,109,1,40336.34
2464,2401,108,1,54687.31
2465,2402,116,1,955.49
2466,2403,119,2,825.79
2467,2403,120,2,862.62
2468,2403,106,3,2719.14
2469,2404,105,3,2500.52
2470,2405,111,3,59038.9
2471,2405,110,2,2433.4
2472,2405,103,3,1486.12
2473,2405,112,1,22865.13
2474,2406,101,1,535.23
2475,2406,116,1,885.54
2476,2406,111,2,27762.47
2477,2407,111,1,9143.02
2478,2407,118,3,161.21
2479,2408,113,3,2786.04
2480,2408,120,3,462.6
2481,2408,102,2,2488.18
2482,2409,105,3,2307.94
2483,2409,112,1,30096.58
2484,2410,111,1,48929.17
2485,2410,117,1,405.11
2486,2410,104,1,1370.81
2487,2411,101,3,583.0
2488,2411,120,3,638.29
2489,2411,111,2,38413.67
2490,2412,105,1,5590.01
2491,2413,108,1,4424.92
2492,2414,107,3,5939.65
2493,2415,119,2,329.45
2494,2415,102,1,606.85
2495,2416,107,3,4808.33
2496,2416,104,1,886.32
2497,2417,119,2,621.09
2498,2418,112,3,15585.09
2499,2419,106,1,1308.1
2500,2420,114,3,3128.41
2501,2420,103,3,1559.42
2502,2421,112,3,16852.58
2503,2421,103,2,1572.05
2504,2422,116,2,723.21
2505,2423,112,2,28699.27
2506,2424,115,2,864.93
2507,2425,111,2,22894.04
2508,2425,113,2,3228.09
2509,2425,105,3,5526.81
2510,2426,113,2,854.63
2511,2427,118,2,389.13
2512,2428,106,2,5845.5
2513,2429,116,3,1140.5
2514,2429,110,1,25856.21
2515,2429,105,1,5784.28
2516,2429,108,3,10778.24
2517,2430,120,3,397.33
2518,2430,105,3,2866.77
2519,2431,115,2,1842.9
2520,2432,111,3,21434.3
2521,2432,116,2,883.25
2522,2432,109,1,57980.22
2523,2433,120,1,542.01
2524,2433,108,2,53597.59
2525,2434,120,1,570.46
2526,2434,111,2,36752.09
2527,2435,113,1,3227.74
2528,2436,108,3,1678.61
2529,2437,111,2,36879.1
2530,2437,116,3,360.06
2531,2438,102,3,2700.41
2532,2439,114,2,1265.66
2533,2439,101,1,1169.87
2534,2440,115,1,1952.73
2535,2441,104,2,1117.47
2536,2441,109,3,36982.73
2537,2442,104,2,768.56
2538,2442,102,3,1375.08
2539,2442,111,1,38290.08
2540,2442,116,3,490.08
2541,2443,111,3,3803.82
2542,2443,119,3,239.1
2543,2444,105,3,1816.91
2544,2444,120,3,364.51
2545,2444,104,2,2928.03
2546,2445,118,1,700.91
2547,2446,103,2,813.56
2548,2446,107,2,2136.98
2549,2447,108,2,3980.1
2550,2448,105,2,4779.82
2551,2448,117,3,565.6
2552,2448,111,3,46283.9
2553,2448,118,2,174.69
2554,2449,119,1,346.19
2555,2450,112,1,24735.12
2556,2450,117,1,713.04
2557,2451,112,3,24222.56
2558,2452,111,2,24469.0
2559,2453,117,1,344.07
2560,2453,113,1,1733.57
2561,2454,119,3,723.09
2562,2455,102,3,2027.91
2563,2456,101,2,432.14
2564,2457,113,3,1511.23
2565,2458,116,3,1050.23
2566,2458,118,1,231.56
2567,2458,110,1,53238.12
2568,2459,101,2,2294.75
2569,2459,110,1,7188.11
2570,2459,115,2,1096.64
2571,2460,114,3,382.86
2572,2461,115,1,745.2
2573,2462,116,1,240.4
2574,2462,106,1,3276.22
2575,2462,101,3,2206.79
2576,2463,105,1,1325.79
2577,2464,115,2,947.58
2578,2465,109,2,2928.15
2579,2465,110,2,57846.59
2580,2465,116,1,396.56
2581,2465,107,2,5051.77
2582,2466,116,3,1040.88
2583,2466,108,1,18261.25
2584,2467,112,3,33734.91
2585,2467,120,1,424.5
2586,2468,112,2,10136.54
2587,2469,114,1,2527.96
2588,2470,115,3,907.82
2589,2470,118,1,510.63
2590,2471,118,3,296.5
2591,2471,106,1,5123.43
2592,2472,118,3,154.24
2593,2472,102,3,2128.06
2594,2472,117,1,926.7
2595,2472,104,3,2245.36
2596,2473,113,3,3331.64
2597,2473,117,1,755.87
2598,2474,115,1,3387.09
2599,2475,117,1,1111.64
2600,2475,104,3,2870.29
2601,2475,116,1,943.59
2602,2476,107,2,1605.38
2603,2476,101,1,2551.91
2604,2476,119,3,249.94
2605,2476,118,2,625.23
2606,2477,120,2,440.22
2607,2478,119,3,543.93
2608,2478,102,1,1699.99
2609,2479,113,2,2847.79
2610,2479,118,3,1074.67
2611,2479,104,3,1674.8
2612,2480,103,2,1813.71
2613,2480,116,1,407.66
2614,2481,111,1,36811.11
2615,2482,115,3,1819.25
2616,2482,107,1,4419.12
2617,2483,115,1,2013.77
2618,2483,103,3,1869.13
2619,2483,117,3,836.39
2620,2484,115,2,3458.15
2621,2485,105,1,1995.62
2622,2486,102,1,980.9
2623,2486,110,3,35638.83
2624,2487,105,1,4701.78
2625,2488,114,1,2921.11
2626,2489,116,1,442.85
2627,2490,112,2,24977.63
2628,2491,106,1,3852.1
2629,2492,109,2,5408.9
2630,2493,102,1,926.36
2631,2494,102,3,2449.03
2632,2495,105,2,5603.66
2633,2496,116,1,254.0
2634,2496,120,2,587.12
2635,2497,105,3,1727.01
2636,2498,108,3,22660.77
2637,2498,114,1,3363.51
2638,2499,113,3,2988.03
2639,2499,101,2,1416.02
2640,2499,107,3,5181.86
2641,2500,117,3,1065.46
2642,2500,114,3,881.95
