payment_id,order_id,payment_type,payment_value
201,1001,COD,104139.14
202,1003,COD,40500.69
203,1004,Debit Card,6993.81
204,1005,Net Banking,6982.76
205,1006,UPI,1533.42
206,1007,Net Banking,54167.56
207,1008,COD,29353.41
208,1009,UPI,59346.02
209,1010,Net Banking,52633.3
210,1011,UPI,16435.36
211,1012,COD,8915.37
212,1013,UPI,108688.38
213,1014,Credit Card,6709.31
214,1015,UPI,3627.29
215,1016,Debit Card,2095.53
216,1017,Debit Card,538.84
217,1019,Net Banking,49233.15
218,1020,Debit Card,1522.88
219,1021,Net Banking,1873.6
220,1022,Debit Card,44786.97
221,1023,Debit Card,44190.93
222,1024,COD,23078.32
223,1025,COD,3680.16
224,1026,Debit Card,87426.72
225,1027,Debit Card,16799.91
226,1028,Net Banking,1348.01
227,1029,COD,1508.07
228,1030,Net Banking,82032.16
229,1031,Net Banking,105360.61
230,1032,COD,3396.58
231,1033,COD,21821.86
232,1034,COD,3150.21
233,1035,COD,3972.72
234,1036,COD,1884.34
235,1037,Credit Card,41450.68
236,1038,Net Banking,5124.82
237,1041,Debit Card,14594.83
238,1042,UPI,18272.41
239,1045,Net Banking,6584.19
240,1046,Debit Card,387.87
241,1047,COD,1707.83
242,1048,COD,8204.56
243,1049,COD,115974.8
244,1050,UPI,1046.36
245,1051,Debit Card,5006.3
246,1052,Debit Card,2472.74
247,1053,Debit Card,28405.78
248,1054,Debit Card,15593.54
249,1055,COD,3748.29
250,1056,COD,82050.7
251,1057,Credit Card,3542.96
252,1058,Debit Card,8802.3
253,1059,Debit Card,951.4
254,1060,Credit Card,2053.86
255,1061,COD,63915.03
256,1063,Credit Card,57532.4
257,1064,Debit Card,48115.55
258,1065,Debit Card,11280.04
259,1066,Credit Card,1494.84
260,1067,Debit Card,78395.55
261,1068,COD,13507.03
262,1069,Net Banking,2274.03
263,1070,Debit Card,2312.75
264,1071,Debit Card,82820.94
265,1072,COD,3260.21
266,1073,Net Banking,208995.03
267,1074,Credit Card,3278.35
268,1075,COD,1204.16
269,1076,Credit Card,1718.64
270,1077,Debit Card,569.5
271,1078,Credit Card,20036.83
272,1079,Debit Card,113855.52
273,1080,COD,562.86
274,1081,COD,2433.16
275,1083,Debit Card,31650.72
276,1084,Credit Card,1542.97
277,1085,Net Banking,177898.11
278,1086,COD,57215.57
279,1087,COD,70382.55
280,1088,Credit Card,3428.32
281,1089,UPI,72909.7
282,1090,Debit Card,7654.52
283,1091,Credit Card,69326.93
284,1092,Credit Card,2740.64
285,1093,COD,7191.64
286,1095,Debit Card,199146.01
287,1096,Credit Card,8098.32
288,1097,Net Banking,1191.97
289,1098,Debit Card,1827.95
290,1099,Credit Card,12992.74
291,1100,Net Banking,58976.22
292,1102,Net Banking,3393.27
293,1103,Debit Card,59268.86
294,1104,COD,819.84
295,1105,Net Banking,5822.59
296,1106,COD,5211.68
297,1107,Debit Card,132516.03
298,1108,Credit Card,10386.39
299,1109,Debit Card,2005.83
300,1111,COD,69430.4
301,1112,UPI,63116.74
302,1113,Debit Card,38327.66
303,1114,UPI,6762.98
304,1115,Net Banking,72732.68
305,1118,COD,4447.57
306,1119,Net Banking,1486.12
307,1120,UPI,35110.59
308,1121,UPI,2150.46
309,1122,Credit Card,7035.2
310,1123,Debit Card,11940.71
311,1124,Net Banking,73260.95
312,1125,Net Banking,9403.2
313,1126,COD,512.51
314,1128,COD,201501.79
315,1129,Debit Card,3224.28
316,1131,COD,6360.44
317,1132,COD,2342.31
318,1133,Net Banking,2010.06
319,1134,Credit Card,2836.62
320,1135,Debit Card,14493.89
321,1136,UPI,2220.1
322,1137,Net Banking,139353.21
323,1138,Net Banking,67425.18
324,1139,COD,56622.88
325,1140,UPI,8734.35
326,1141,Net Banking,2333.32
327,1142,Net Banking,151767.57
328,1143,Net Banking,101566.28
329,1144,Debit Card,44137.95
330,1146,UPI,9606.57
331,1148,Credit Card,57745.95
332,1149,Credit Card,222470.12
333,1150,UPI,28355.2
334,1152,Debit Card,32963.6
335,1153,UPI,45110.34
336,1154,UPI,2064.18
337,1155,UPI,24938.93
338,1156,Debit Card,4280.42
339,1157,UPI,529.18
340,1158,COD,5488.1
341,1159,COD,11713.89
342,1160,Debit Card,11687.26
343,1161,Credit Card,97392.68
344,1162,UPI,16637.34
345,1164,Net Banking,1215.14
346,1165,Credit Card,116765.49
347,1166,UPI,8237.83
348,1168,COD,6315.34
349,1169,UPI,47943.87
350,1170,UPI,48895.88
351,1172,UPI,12994.3
352,1173,Debit Card,50405.8
353,1174,COD,1270.71
354,1175,Debit Card,7696.72
355,1177,Debit Card,22090.12
356,1178,Net Banking,2572.9
357,1179,Credit Card,18506.15
358,1180,Credit Card,32950.1
359,1181,Credit Card,3425.41
360,1183,COD,27185.59
361,1184,COD,1336.32
362,1185,COD,5040.65
363,1186,Debit Card,177453.21
364,1187,COD,21764.73
365,1188,Debit Card,7397.88
366,1189,Credit Card,44807.8
367,1190,Credit Card,79388.34
368,1191,UPI,596.3
369,1192,COD,759.68
370,1193,COD,91720.21
371,1194,Debit Card,20809.47
372,1195,Credit Card,5842.91
373,1196,Credit Card,7486.47
374,1197,Net Banking,17894.1
375,1198,Credit Card,18430.09
376,1199,COD,9705.91
377,1200,COD,2114.49
378,1201,UPI,103419.39
379,1203,Credit Card,72450.1
380,1204,UPI,4443.79
381,1205,COD,1173.03
382,1206,COD,11483.04
383,1207,Debit Card,715.56
384,1208,Net Banking,3170.25
385,1209,UPI,27180.24
386,1210,UPI,91935.57
387,1211,Credit Card,53814.7
388,1212,Net Banking,519.55
389,1213,Credit Card,6067.29
390,1214,Credit Card,8261.68
391,1215,Net Banking,56937.63
392,1217,COD,58210.25
393,1219,Credit Card,117022.92
394,1220,Credit Card,11447.52
395,1221,Credit Card,60056.39
396,1222,Debit Card,17126.2
397,1223,UPI,6789.62
398,1224,UPI,6835.95
399,1225,Credit Card,98950.48
400,1228,Debit Card,8588.4
401,1229,Net Banking,9073.43
402,1230,COD,4070.53
403,1231,COD,428.06
404,1232,Net Banking,147576.9
405,1234,Net Banking,220.51
406,1235,Credit Card,47092.41
407,1238,Credit Card,498.32
408,1242,UPI,5100.21
409,1243,UPI,27913.19
410,1244,Net Banking,16098.14
411,1245,Net Banking,8182.28
412,1246,Net Banking,2500.56
413,1247,Credit Card,7069.38
414,1248,Net Banking,94312.2
415,1249,COD,1868.86
416,1250,Net Banking,30793.14
417,1251,UPI,26514.95
418,1252,COD,844.16
419,1253,Debit Card,4219.32
420,1254,Credit Card,46220.0
421,1255,Net Banking,15317.7
422,1256,Net Banking,4577.62
423,1257,COD,1126.44
424,1258,Debit Card,7230.94
425,1260,Debit Card,1459.32
426,1261,UPI,2731.65
427,1262,Net Banking,94341.95
428,1263,COD,2029.71
429,1264,COD,5969.32
430,1265,Net Banking,104121.76
431,1266,Net Banking,6277.5
432,1267,COD,10601.08
433,1269,Credit Card,5306.07
434,1270,Debit Card,648.62
435,1271,Credit Card,150317.73
436,1272,UPI,799.98
437,1273,COD,2561.19
438,1274,Net Banking,164474.26
439,1275,Credit Card,8541.8
440,1276,Net Banking,77949.58
441,1277,Credit Card,1094.67
442,1279,Credit Card,5848.75
443,1280,Debit Card,3037.6
444,1282,Debit Card,2583.03
445,1283,Net Banking,4211.76
446,1285,Debit Card,3738.47
447,1286,Credit Card,13509.02
448,1287,Debit Card,3417.34
449,1288,Credit Card,88156.34
450,1289,Net Banking,1875.24
451,1290,COD,177346.35
452,1291,Net Banking,118669.83
453,1293,UPI,2324.94
454,1294,COD,5258.4
455,1295,Credit Card,3084.95
456,1296,UPI,1786.76
457,1297,Net Banking,2146.25
458,1299,UPI,57320.46
459,1300,Net Banking,29660.87
460,1301,COD,268533.94
461,1302,Debit Card,669.65
462,1303,Debit Card,5124.06
463,1305,Net Banking,2266.44
464,1307,UPI,16535.23
465,1308,Net Banking,31155.37
466,1309,Net Banking,5873.88
467,1310,Net Banking,20268.12
468,1311,Net Banking,200173.2
469,1312,UPI,96108.39
470,1313,Net Banking,1240.87
471,1314,Debit Card,8069.01
472,1315,Debit Card,8324.16
473,1316,Credit Card,8124.61
474,1318,Debit Card,55982.94
475,1319,Debit Card,1794.94
476,1320,Debit Card,65099.01
477,1322,Net Banking,2234.1
478,1323,Credit Card,8833.9
479,1324,Credit Card,526.62
480,1325,Credit Card,4779.25
481,1326,COD,13942.29
482,1327,COD,114261.94
483,1328,COD,5347.19
484,1330,COD,1351.98
485,1331,Credit Card,11515.22
486,1332,UPI,477.72
487,1333,Net Banking,75723.06
488,1334,Debit Card,66210.95
489,1335,UPI,32597.04
490,1336,Credit Card,6619.97
491,1338,UPI,9646.14
492,1339,Credit Card,95320.44
493,1340,UPI,9923.91
494,1341,COD,7111.35
495,1342,COD,319.0
496,1346,UPI,1241.91
497,1347,Debit Card,11584.46
498,1348,UPI,23413.0
499,1350,COD,21490.93
500,1351,Debit Card,28972.39
501,1353,Net Banking,32044.95
502,1354,Credit Card,104840.27
503,1355,Debit Card,4948.82
504,1356,Credit Card,75725.31
505,1357,Net Banking,6466.61
506,1358,Debit Card,90690.03
507,1359,Credit Card,1891.06
508,1360,Credit Card,37437.38
509,1362,Net Banking,72794.4
510,1363,Debit Card,15893.88
511,1364,Credit Card,14032.71
512,1365,COD,6287.23
513,1367,UPI,841.4
514,1368,Credit Card,2247.24
515,1369,UPI,765.82
516,1370,COD,18504.93
517,1372,UPI,2540.46
518,1373,COD,12364.64
519,1374,Credit Card,60309.51
520,1375,Debit Card,708.96
521,1376,COD,8683.35
522,1377,Net Banking,3230.49
523,1378,Net Banking,1546.5
524,1379,Credit Card,951.63
525,1380,Credit Card,179945.04
526,1381,UPI,238531.66
527,1382,Credit Card,52376.94
528,1384,COD,53817.5
529,1385,UPI,4677.15
530,1386,UPI,51708.88
531,1388,UPI,2388.24
532,1389,Debit Card,42480.48
533,1390,Credit Card,17260.38
534,1391,COD,9007.12
535,1395,UPI,15421.23
536,1396,Net Banking,603.8
537,1397,COD,1926.96
538,1398,Debit Card,4202.9
539,1399,Credit Card,10313.04
540,1400,Credit Card,174584.05
541,1401,COD,2751.28
542,1402,Credit Card,1044.78
543,1403,Credit Card,76298.24
544,1406,UPI,49886.86
545,1407,Debit Card,1760.62
546,1408,Credit Card,8392.29
547,1409,Debit Card,59156.96
548,1410,COD,2548.49
549,1412,UPI,5925.72
550,1413,COD,1372.62
551,1414,COD,29202.78
552,1416,UPI,3029.19
553,1417,Net Banking,11080.48
554,1418,Credit Card,59105.51
555,1419,Credit Card,711.5
556,1420,UPI,11690.84
557,1421,Net Banking,6025.44
558,1423,Credit Card,80327.4
559,1424,Credit Card,115567.09
560,1425,Credit Card,68928.27
561,1426,COD,18679.02
562,1428,Debit Card,5367.46
563,1429,COD,6338.01
564,1430,Debit Card,748.83
565,1431,Net Banking,12039.44
566,1432,Credit Card,4674.28
567,1433,Net Banking,8082.24
568,1434,Credit Card,9824.56
569,1435,UPI,171660.03
570,1437,Credit Card,6488.26
571,1438,Credit Card,11088.48
572,1439,COD,616.66
573,1440,UPI,2609.24
574,1441,UPI,23120.4
575,1442,Net Banking,8407.04
576,1443,Credit Card,2797.74
577,1444,UPI,8546.4
578,1445,Debit Card,4839.22
579,1446,Net Banking,3302.98
580,1447,COD,91236.08
581,1448,Net Banking,45827.43
582,1449,Net Banking,808.13
583,1450,COD,498.47
584,1451,COD,76775.74
585,1452,Net Banking,2420.07
586,1453,COD,1410.48
587,1455,Net Banking,1477.44
588,1456,COD,1863.22
589,1457,Debit Card,99253.14
590,1459,COD,498.53
591,1460,COD,16433.25
592,1461,Net Banking,20251.53
593,1462,Debit Card,6438.08
594,1463,COD,6012.18
595,1464,Net Banking,1213.28
596,1465,Credit Card,62318.07
597,1466,COD,113877.42
598,1467,Net Banking,6935.58
599,1468,Credit Card,2645.85
600,1469,UPI,5854.6
601,1470,Credit Card,682.97
602,1471,UPI,338.76
603,1472,COD,3936.56
604,1473,Debit Card,283729.77
605,1474,Debit Card,9680.85
606,1475,UPI,19680.64
607,1476,COD,139394.64
608,1477,Net Banking,43986.47
609,1478,Net Banking,2524.5
610,1479,Net Banking,4610.46
611,1481,Debit Card,2421.63
612,1482,Debit Card,3106.24
613,1483,UPI,64665.16
614,1484,Debit Card,657.85
615,1485,Net Banking,64470.78
616,1486,Credit Card,4437.11
617,1487,UPI,18863.95
618,1489,Credit Card,8366.48
619,1490,Net Banking,88583.49
620,1491,Credit Card,10844.82
621,1493,Net Banking,5914.82
622,1495,COD,55873.04
623,1496,Credit Card,47000.74
624,1497,Debit Card,9831.54
625,1498,Net Banking,9854.01
626,1499,Credit Card,41692.56
627,1500,Credit Card,23814.74
628,1501,UPI,3202.01
629,1502,Credit Card,146199.77
630,1503,Net Banking,9579.23
631,1504,Debit Card,2907.31
632,1505,Net Banking,189736.69
633,1506,Net Banking,9637.57
634,1507,Net Banking,1678.0
635,1508,Net Banking,7976.26
636,1510,Debit Card,4137.36
637,1512,Credit Card,138978.66
638,1513,Net Banking,1716.1
639,1514,Credit Card,2674.46
640,1515,Net Banking,14687.61
641,1516,UPI,86981.58
642,1518,Credit Card,15261.61
643,1519,Credit Card,5598.05
644,1520,UPI,10773.0
645,1522,Debit Card,10002.78
646,1523,Debit Card,2395.29
647,1524,UPI,138373.03
648,1525,Debit Card,6142.77
649,1526,Net Banking,6345.36
650,1528,Net Banking,8749.44
651,1529,Net Banking,18507.04
652,1531,UPI,509.99
653,1532,COD,141923.25
654,1533,Debit Card,4124.12
655,1534,Debit Card,2543.42
656,1535,COD,125508.1
657,1536,COD,16437.62
658,1537,Net Banking,19206.75
659,1538,UPI,8621.41
660,1539,Net Banking,2477.34
661,1540,UPI,9371.37
662,1542,Debit Card,4840.96
663,1543,Debit Card,27273.63
664,1544,Credit Card,301.07
665,1545,Debit Card,9671.35
666,1546,COD,88408.1
667,1547,Credit Card,21606.96
668,1550,UPI,3003.06
669,1551,UPI,6218.58
670,1554,Credit Card,369.88
671,1555,COD,17408.97
672,1557,Debit Card,7847.16
673,1558,UPI,8274.96
674,1559,UPI,849.72
675,1560,COD,13375.11
676,1561,Credit Card,16261.02
677,1563,COD,16840.11
678,1564,Debit Card,145804.47
679,1565,UPI,12645.19
680,1566,Net Banking,1984.46
681,1567,Net Banking,29052.93
682,1568,Debit Card,649.28
683,1569,COD,29413.77
684,1570,Net Banking,4198.54
685,1571,Debit Card,90939.22
686,1572,COD,10585.83
687,1573,Debit Card,14923.77
688,1574,Debit Card,5775.59
689,1575,Debit Card,42643.31
690,1576,UPI,27417.76
691,1577,COD,2973.45
692,1578,COD,27922.37
693,1579,UPI,8631.51
694,1580,Net Banking,231937.94
695,1581,Net Banking,3063.12
696,1582,Net Banking,22284.48
697,1584,COD,647.6
698,1585,UPI,2666.66
699,1586,COD,117882.0
700,1587,COD,32538.61
701,1588,COD,114877.02
702,1589,UPI,13392.9
703,1590,Credit Card,26696.1
704,1591,Net Banking,59134.41
705,1592,Debit Card,100664.45
706,1593,Net Banking,121538.79
707,1594,Debit Card,4936.05
708,1595,Credit Card,10233.72
709,1596,Credit Card,7006.16
710,1598,Credit Card,105293.3
711,1599,UPI,13483.03
712,1600,COD,14973.8
713,1601,Net Banking,23462.48
714,1602,Debit Card,4698.62
715,1604,Net Banking,23986.56
716,1605,Credit Card,119336.96
717,1606,UPI,149484.59
718,1608,UPI,116635.11
719,1609,Debit Card,11545.68
720,1610,UPI,1552.64
721,1611,Credit Card,31626.85
722,1613,Credit Card,16136.54
723,1614,Net Banking,5905.55
724,1615,COD,389.28
725,1618,Credit Card,2380.8
726,1619,Net Banking,10768.02
727,1620,Credit Card,25607.06
728,1621,Net Banking,28755.25
729,1622,COD,1894.95
730,1623,COD,7888.72
731,1625,Debit Card,4038.81
732,1627,Credit Card,124073.62
733,1628,UPI,61181.04
734,1629,UPI,1960.41
735,1630,Credit Card,2742.43
736,1631,UPI,8308.7
737,1632,Debit Card,62546.94
738,1633,Net Banking,1854.1
739,1634,UPI,22604.89
740,1635,Credit Card,30194.95
741,1636,Net Banking,2132.81
742,1637,Credit Card,6613.83
743,1638,Net Banking,74982.54
744,1639,UPI,1519.56
745,1640,UPI,2869.83
746,1641,Net Banking,8087.18
747,1643,Debit Card,6685.98
748,1644,COD,160975.14
749,1645,Debit Card,24068.77
750,1646,Net Banking,18065.74
751,1647,Debit Card,59789.74
752,1648,COD,3204.8
753,1649,COD,4989.57
754,1651,COD,1559.66
755,1652,Debit Card,1495.02
756,1654,Debit Card,52239.33
757,1656,COD,244727.01
758,1658,Credit Card,8313.52
759,1659,COD,63735.46
760,1660,COD,59002.96
761,1661,Debit Card,6432.12
762,1662,COD,8896.87
763,1663,Credit Card,11033.22
764,1664,Credit Card,6247.44
765,1665,UPI,3005.17
766,1666,Net Banking,16646.53
767,1668,Net Banking,3449.08
768,1669,Debit Card,8226.59
769,1670,Debit Card,35349.94
770,1671,COD,1649.94
771,1672,Debit Card,105081.6
772,1673,Net Banking,147600.44
773,1675,Net Banking,613.6
774,1676,UPI,2748.02
775,1677,COD,109982.19
776,1678,Debit Card,2397.46
777,1679,Debit Card,2742.5
778,1680,UPI,5119.64
779,1681,Credit Card,43121.15
780,1682,COD,3407.04
781,1683,Credit Card,39103.64
782,1684,Credit Card,9850.53
783,1685,Credit Card,3465.8
784,1686,Net Banking,526.32
785,1687,Credit Card,449.62
786,1688,UPI,13157.91
787,1689,COD,16543.56
788,1690,COD,5203.43
789,1691,Debit Card,738.05
790,1692,Net Banking,2452.58
791,1693,Net Banking,11620.37
792,1694,Net Banking,1620.26
793,1695,COD,2105.08
794,1696,Debit Card,1366.92
795,1697,Debit Card,1954.01
796,1698,UPI,15643.71
797,1699,Credit Card,2746.28
798,1700,Credit Card,3593.19
799,1703,COD,1348.35
800,1704,Net Banking,11352.86
801,1705,UPI,43057.77
802,1706,Debit Card,129348.09
803,1708,UPI,2847.02
804,1709,Net Banking,82200.56
805,1711,Net Banking,93016.74
806,1712,Net Banking,10867.33
807,1713,Credit Card,7848.64
808,1714,Net Banking,5652.08
809,1716,Net Banking,45562.57
810,1719,UPI,8166.71
811,1721,Debit Card,21804.46
812,1722,Debit Card,37510.38
813,1723,UPI,5503.92
814,1724,Debit Card,1264.86
815,1725,Credit Card,213249.78
816,1726,Net Banking,4143.61
817,1727,Net Banking,1056.54
818,1728,Net Banking,2168.38
819,1729,COD,2903.31
820,1730,Credit Card,22299.72
821,1731,Net Banking,14631.2
822,1733,Net Banking,4875.73
823,1734,Credit Card,10296.78
824,1735,Debit Card,1909.53
825,1736,Credit Card,44754.38
826,1739,COD,70463.82
827,1740,Credit Card,8206.71
828,1741,Debit Card,1197.66
829,1742,Credit Card,2827.68
830,1743,COD,926.65
831,1744,Debit Card,4472.45
832,1745,COD,31029.99
833,1746,Net Banking,1220.92
834,1747,UPI,3687.68
835,1748,UPI,4110.66
836,1749,UPI,71216.94
837,1750,UPI,11011.35
838,1751,UPI,112511.23
839,1752,Credit Card,27643.0
840,1753,COD,3740.39
841,1754,Net Banking,3942.87
842,1755,Net Banking,4873.41
843,1756,UPI,27507.79
844,1757,Credit Card,56800.1
845,1758,UPI,80122.85
846,1759,UPI,3975.75
847,1760,Net Banking,138324.45
848,1761,Credit Card,24444.25
849,1762,UPI,5882.37
850,1763,Credit Card,14971.4
851,1764,Debit Card,107431.03
852,1765,Debit Card,2923.32
853,1766,Debit Card,561.21
854,1767,COD,1607.19
855,1768,UPI,1910.43
856,1769,UPI,75923.69
857,1770,Credit Card,5084.36
858,1771,Debit Card,731.97
859,1772,Debit Card,304.78
860,1773,UPI,10589.33
861,1774,UPI,82267.74
862,1775,COD,45141.96
863,1776,UPI,6621.12
864,1777,UPI,461.46
865,1778,COD,35086.92
866,1779,UPI,2728.13
867,1780,Credit Card,6562.04
868,1781,Credit Card,5326.86
869,1782,Net Banking,207885.87
870,1783,Net Banking,7614.88
871,1784,UPI,126386.46
872,1785,Debit Card,1929.08
873,1786,COD,60936.01
874,1787,Debit Card,61023.04
875,1788,COD,78506.52
876,1789,COD,23229.72
877,1790,UPI,42780.09
878,1792,COD,41821.26
879,1794,Debit Card,29382.4
880,1795,Credit Card,597.3
881,1796,UPI,2636.32
882,1797,Net Banking,1294.6
883,1798,COD,437.58
884,1799,Debit Card,80169.68
885,1800,Credit Card,48759.32
886,1801,COD,5766.5
887,1802,UPI,783.89
888,1803,Net Banking,27902.84
889,1804,COD,1971.94
890,1805,Credit Card,74724.22
891,1806,Debit Card,1507.35
892,1807,UPI,2702.41
893,1808,Net Banking,6867.0
894,1809,Debit Card,21447.11
895,1810,Credit Card,1767.7
896,1811,Net Banking,4014.04
897,1812,Net Banking,11479.46
898,1813,Debit Card,587.07
899,1814,COD,4572.06
900,1815,Debit Card,2822.28
901,1816,Debit Card,72017.01
902,1817,Net Banking,3849.34
903,1818,Net Banking,5529.47
904,1819,Credit Card,113996.1
905,1820,Debit Card,1776.34
906,1821,Debit Card,3729.96
907,1822,Credit Card,89113.89
908,1823,Credit Card,107600.73
909,1824,Net Banking,2593.14
910,1825,Credit Card,2675.54
911,1826,Credit Card,43756.38
912,1827,UPI,45333.13
913,1829,UPI,1627.8
914,1830,UPI,4569.94
915,1831,COD,412.17
916,1833,UPI,2765.01
917,1835,Credit Card,5804.5
918,1836,UPI,10038.87
919,1837,Net Banking,117516.54
920,1838,Credit Card,29398.15
921,1839,Credit Card,57030.91
922,1840,UPI,2535.78
923,1841,Debit Card,6750.54
924,1842,Debit Card,10868.35
925,1843,Debit Card,7687.85
926,1844,COD,5676.92
927,1845,Credit Card,4202.61
928,1846,Net Banking,6340.8
929,1848,Net Banking,954.26
930,1849,Net Banking,40421.35
931,1850,UPI,12754.33
932,1851,COD,98571.12
933,1852,COD,76697.82
934,1853,Debit Card,25870.18
935,1854,Credit Card,18249.7
936,1855,Net Banking,90002.69
937,1856,UPI,109496.22
938,1859,Debit Card,16705.46
939,1860,Credit Card,1761.34
940,1861,Net Banking,3198.28
941,1862,Credit Card,11698.06
942,1863,Debit Card,7848.42
943,1865,UPI,1283.5
944,1866,UPI,49931.25
945,1867,UPI,16426.36
946,1869,Debit Card,15843.78
947,1870,Net Banking,36945.88
948,1871,Credit Card,674.82
949,1872,Net Banking,4512.02
950,1874,Net Banking,11180.6
951,1875,Net Banking,1671.97
952,1876,Debit Card,2355.28
953,1877,Net Banking,2626.14
954,1880,Credit Card,10978.9
955,1882,Debit Card,8256.03
956,1883,Net Banking,75033.13
957,1885,Debit Card,18033.58
958,1886,COD,6560.68
959,1887,Credit Card,49930.1
960,1888,UPI,13733.54
961,1889,Credit Card,5477.28
962,1890,Debit Card,39598.85
963,1891,Net Banking,15558.88
964,1892,UPI,133205.43
965,1893,Net Banking,939.81
966,1894,Debit Card,140956.2
967,1895,Credit Card,61760.82
968,1896,UPI,2913.88
969,1897,Credit Card,11159.12
970,1898,Credit Card,9922.65
971,1899,COD,14735.34
972,1900,COD,31779.42
973,1901,Net Banking,5553.04
974,1902,Debit Card,855.98
975,1903,Credit Card,94975.35
976,1904,Credit Card,4790.76
977,1905,Net Banking,98331.43
978,1906,UPI,29035.87
979,1907,UPI,81426.26
980,1908,Debit Card,7053.46
981,1909,Debit Card,105755.75
982,1911,COD,117243.3
983,1912,Debit Card,2088.28
984,1913,Debit Card,5970.14
985,1915,UPI,2383.66
986,1916,UPI,5321.75
987,1917,Net Banking,1053.98
988,1918,COD,86255.52
989,1919,Credit Card,7009.08
990,1920,Credit Card,45539.0
991,1921,Credit Card,99335.96
992,1922,Debit Card,3163.66
993,1923,COD,577.05
994,1924,Debit Card,25409.06
995,1925,COD,2941.29
996,1926,Net Banking,756.07
997,1927,COD,3510.36
998,1928,COD,4116.11
999,1929,COD,5972.52
1000,1930,COD,7573.6
1001,1931,Credit Card,8844.18
1002,1932,Net Banking,110705.49
1003,1933,UPI,10983.36
1004,1935,Net Banking,16553.1
1005,1936,COD,34151.75
1006,1938,COD,12294.55
1007,1939,Debit Card,1441.54
1008,1940,COD,115524.43
1009,1941,Net Banking,20222.5
1010,1942,UPI,2000.66
1011,1943,Debit Card,61578.51
1012,1945,Debit Card,1971.72
1013,1946,UPI,120685.49
1014,1947,Net Banking,18711.7
1015,1949,COD,9707.88
1016,1951,UPI,1485.87
1017,1952,Net Banking,36092.17
1018,1953,Net Banking,102303.92
1019,1955,Net Banking,9330.82
1020,1956,COD,2050.9
1021,1957,COD,3132.05
1022,1958,Credit Card,89480.16
1023,1959,Debit Card,7058.85
1024,1960,COD,12138.57
1025,1961,Credit Card,4144.98
1026,1962,Net Banking,57232.97
1027,1963,Debit Card,1819.7
1028,1964,Debit Card,1343.02
1029,1965,UPI,218.59
1030,1966,Credit Card,16938.03
1031,1967,COD,1324.39
1032,1968,Debit Card,69849.27
1033,1969,Net Banking,3935.88
1034,1970,Debit Card,9946.59
1035,1971,UPI,31894.78
1036,1972,COD,1072.64
1037,1973,Credit Card,3944.85
1038,1975,UPI,2247.7
1039,1977,Credit Card,3448.95
1040,1978,Net Banking,8823.96
1041,1981,Credit Card,4625.22
1042,1982,Net Banking,20061.16
1043,1983,UPI,2316.8
1044,1984,Net Banking,7238.79
1045,1986,UPI,12328.01
1046,1987,UPI,6682.89
1047,1988,Debit Card,903.69
1048,1991,COD,8964.46
1049,1992,COD,11652.54
1050,1994,Net Banking,99897.74
1051,1996,UPI,125340.63
1052,1997,COD,19521.9
1053,1998,Debit Card,5130.0
1054,1999,COD,7319.16
1055,2001,UPI,16486.26
1056,2002,Net Banking,738.56
1057,2003,COD,11420.9
1058,2004,Credit Card,5190.51
1059,2005,COD,219.47
1060,2006,COD,7964.76
1061,2007,Debit Card,81347.08
1062,2008,UPI,274.95
1063,2009,Credit Card,24361.81
1064,2010,Net Banking,2187.07
1065,2011,COD,115971.0
1066,2012,Debit Card,1251.69
1067,2013,Credit Card,377.12
1068,2014,COD,44073.02
1069,2015,Credit Card,4482.04
1070,2016,UPI,1225.34
1071,2018,Net Banking,923.54
1072,2019,UPI,177669.54
1073,2020,Debit Card,4453.18
1074,2021,Credit Card,8144.3
1075,2023,Net Banking,6957.11
1076,2024,UPI,1689.92
1077,2025,UPI,838.15
1078,2027,Credit Card,79286.86
1079,2028,Debit Card,5676.06
1080,2029,Credit Card,131606.46
1081,2030,Debit Card,4033.29
1082,2031,Debit Card,3917.27
1083,2032,Net Banking,5828.16
1084,2033,Credit Card,246.39
1085,2034,Net Banking,20794.6
1086,2035,Credit Card,1885.04
1087,2036,Credit Card,33599.64
1088,2037,Debit Card,20504.87
1089,2039,UPI,522.15
1090,2040,Debit Card,5422.76
1091,2041,Debit Card,7138.89
1092,2042,COD,10134.09
1093,2043,COD,2103.24
1094,2044,UPI,2738.17
1095,2045,UPI,2409.66
1096,2047,Credit Card,107063.95
1097,2048,UPI,1193.52
1098,2049,UPI,9412.41
1099,2050,Credit Card,1065.0
1100,2051,UPI,6769.93
1101,2052,Debit Card,1901.72
1102,2053,Credit Card,11709.84
1103,2054,UPI,87166.37
1104,2056,Net Banking,8809.24
1105,2057,Debit Card,48287.43
1106,2058,UPI,5262.18
1107,2060,COD,5651.26
1108,2061,COD,5585.0
1109,2062,Net Banking,41849.3
1110,2063,COD,1568.43
1111,2065,UPI,3711.74
1112,2066,Net Banking,29671.41
1113,2067,COD,2062.32
1114,2068,Debit Card,3740.3
1115,2070,UPI,178097.34
1116,2071,Debit Card,1969.86
1117,2072,UPI,4661.76
1118,2073,Debit Card,5208.6
1119,2075,Credit Card,907.84
1120,2076,Net Banking,10762.04
1121,2077,Credit Card,2447.99
1122,2078,COD,28872.57
1123,2079,Debit Card,516.28
1124,2080,UPI,8559.34
1125,2081,COD,10980.58
1126,2082,UPI,18614.58
1127,2083,UPI,2850.84
1128,2084,Credit Card,144128.67
1129,2085,Credit Card,3061.33
1130,2086,Debit Card,7136.12
1131,2087,Credit Card,1725.58
1132,2088,COD,21049.24
1133,2089,COD,30449.65
1134,2090,Credit Card,6947.45
1135,2091,Net Banking,110905.98
1136,2092,Debit Card,183298.29
1137,2093,UPI,23118.31
1138,2094,Debit Card,38626.69
1139,2095,Net Banking,3910.36
1140,2096,Net Banking,9233.3
1141,2097,UPI,6555.92
1142,2098,COD,11033.66
1143,2099,Net Banking,5935.82
1144,2100,Credit Card,358.99
1145,2101,Credit Card,27754.71
1146,2102,Credit Card,19910.38
1147,2104,COD,85543.7
1148,2105,Net Banking,29074.9
1149,2106,COD,78332.0
1150,2107,UPI,3844.26
1151,2108,Credit Card,54738.16
1152,2109,Net Banking,15796.82
1153,2110,COD,54828.86
1154,2111,Net Banking,54601.19
1155,2112,Net Banking,56417.28
1156,2113,Debit Card,146700.54
1157,2114,Debit Card,5145.67
1158,2115,Credit Card,32766.99
1159,2117,UPI,6552.75
1160,2118,UPI,83756.78
1161,2119,Net Banking,7177.9
1162,2121,Credit Card,104480.34
1163,2122,UPI,144039.3
1164,2123,COD,250124.86
1165,2124,Debit Card,690.81
1166,2125,UPI,2406.57
1167,2126,Debit Card,7390.77
1168,2127,Debit Card,1462.11
1169,2128,Net Banking,5248.25
1170,2129,UPI,5213.15
1171,2131,Debit Card,105832.13
1172,2132,Net Banking,5825.79
1173,2133,UPI,2302.44
1174,2134,Credit Card,5237.88
1175,2135,UPI,6204.02
1176,2136,COD,158866.95
1177,2137,COD,54353.26
1178,2138,COD,180221.75
1179,2140,UPI,30447.83
1180,2141,COD,130605.11
1181,2142,Credit Card,15760.51
1182,2143,Net Banking,1620.96
1183,2144,Net Banking,10450.89
1184,2145,COD,15660.11
1185,2146,COD,10406.92
1186,2147,Debit Card,20546.09
1187,2148,UPI,2430.74
1188,2149,COD,33791.07
1189,2150,UPI,42251.13
1190,2151,Debit Card,48791.28
1191,2152,Credit Card,77443.14
1192,2153,Debit Card,6043.03
1193,2154,COD,1269.32
1194,2155,Net Banking,6615.25
1195,2156,Debit Card,93766.73
1196,2157,UPI,314.79
1197,2158,UPI,4207.44
1198,2159,UPI,9089.3
1199,2160,Debit Card,16689.78
1200,2161,Credit Card,105623.31
1201,2162,Debit Card,120064.29
1202,2163,Net Banking,46269.14
1203,2164,Credit Card,1858.3
1204,2165,Debit Card,10202.58
1205,2168,Debit Card,120168.96
1206,2171,Net Banking,20441.96
1207,2174,UPI,4470.23
1208,2175,COD,16695.48
1209,2176,Debit Card,8995.5
1210,2177,UPI,8174.58
1211,2178,Net Banking,8818.93
1212,2179,Debit Card,2971.63
1213,2181,Debit Card,51850.81
1214,2182,Net Banking,157946.33
1215,2183,UPI,166324.05
1216,2184,UPI,39308.08
1217,2185,Debit Card,38702.94
1218,2186,Debit Card,65514.37
1219,2187,Credit Card,5515.69
1220,2188,UPI,9344.18
1221,2191,Credit Card,1319.44
1222,2192,COD,25189.87
1223,2193,COD,2296.83
1224,2194,COD,9507.33
1225,2195,UPI,26723.03
1226,2196,Debit Card,43541.42
1227,2197,UPI,5748.33
1228,2198,UPI,254550.36
1229,2199,Debit Card,6334.98
1230,2200,Debit Card,7431.15
1231,2201,Debit Card,22763.85
1232,2202,UPI,8716.55
1233,2203,Credit Card,3508.02
1234,2204,COD,74831.64
1235,2205,Credit Card,16626.85
1236,2206,COD,2350.44
1237,2207,UPI,2901.66
1238,2208,Credit Card,2999.14
1239,2209,UPI,32873.73
1240,2210,Debit Card,10093.21
1241,2211,Debit Card,62297.74
1242,2212,COD,2056.16
1243,2213,COD,48257.42
1244,2214,UPI,6642.57
1245,2216,COD,7512.21
1246,2218,COD,19321.68
1247,2220,COD,56473.35
1248,2221,Debit Card,1953.05
1249,2222,COD,6961.71
1250,2223,Debit Card,10401.75
1251,2224,UPI,85445.54
1252,2225,Net Banking,5622.7
1253,2226,UPI,119083.14
1254,2228,Debit Card,4309.62
1255,2229,Net Banking,4217.5
1256,2230,UPI,42977.0
1257,2231,Debit Card,8122.53
1258,2232,Debit Card,708.85
1259,2233,UPI,641.97
1260,2234,Credit Card,56738.22
1261,2235,UPI,4874.3
1262,2236,UPI,547.35
1263,2237,COD,3456.93
1264,2238,UPI,113547.74
1265,2239,UPI,7252.53
1266,2240,Net Banking,44642.54
1267,2241,UPI,139812.34
1268,2242,Net Banking,114272.46
1269,2243,Debit Card,29121.88
1270,2244,Net Banking,1901.77
1271,2245,COD,22602.31
1272,2246,UPI,34665.03
1273,2247,Debit Card,133370.59
1274,2249,Credit Card,944.83
1275,2250,COD,72851.72
1276,2251,COD,33522.03
1277,2252,Credit Card,8145.2
1278,2255,UPI,104252.82
1279,2256,Debit Card,329.88
1280,2257,Credit Card,8086.42
1281,2258,Credit Card,11031.0
1282,2260,COD,48988.57
1283,2261,UPI,13210.1
1284,2262,UPI,1602.3
1285,2263,Net Banking,1643.58
1286,2264,Credit Card,9497.02
1287,2265,Credit Card,14005.35
1288,2266,Credit Card,7072.92
1289,2268,COD,2065.18
1290,2269,Credit Card,4299.48
1291,2271,Net Banking,41406.24
1292,2272,UPI,14678.23
1293,2273,COD,104604.42
1294,2274,Debit Card,5268.33
1295,2275,COD,5378.86
1296,2276,Credit Card,4310.27
1297,2279,Net Banking,46501.07
1298,2280,COD,5881.32
1299,2282,Credit Card,23827.49
1300,2283,UPI,45377.84
1301,2285,Net Banking,6236.67
1302,2286,Credit Card,45965.7
1303,2288,COD,11761.74
1304,2289,Net Banking,23393.55
1305,2291,Credit Card,1786.9
1306,2292,COD,46773.68
1307,2293,Debit Card,2272.96
1308,2294,Debit Card,15615.82
1309,2295,Credit Card,16699.26
1310,2296,Net Banking,2355.27
1311,2297,COD,4006.89
1312,2298,Net Banking,3562.28
1313,2299,COD,153376.6
1314,2300,Debit Card,34527.89
1315,2301,Debit Card,14531.0
1316,2302,Credit Card,58648.12
1317,2304,COD,8741.83
1318,2305,UPI,2365.08
1319,2306,Net Banking,25627.87
1320,2307,Debit Card,288.08
1321,2309,COD,44206.77
1322,2310,Net Banking,5024.95
1323,2311,UPI,5498.81
1324,2312,UPI,34967.07
1325,2313,Net Banking,8213.12
1326,2314,COD,18827.18
1327,2315,Credit Card,7878.48
1328,2316,Debit Card,2184.57
1329,2317,Credit Card,52588.44
1330,2318,COD,9005.05
1331,2319,Credit Card,34941.06
1332,2320,COD,15004.04
1333,2321,UPI,22614.09
1334,2322,Credit Card,832.03
1335,2323,Credit Card,9285.15
1336,2324,UPI,53719.35
1337,2325,Credit Card,7132.05
1338,2326,Credit Card,5867.88
1339,2327,UPI,4938.58
1340,2329,UPI,3484.23
1341,2330,Net Banking,54038.39
1342,2331,Credit Card,3849.87
1343,2333,Credit Card,166931.71
1344,2334,Debit Card,4842.76
1345,2335,UPI,19799.01
1346,2336,COD,82563.73
1347,2337,UPI,27286.41
1348,2338,Credit Card,40267.36
1349,2339,UPI,8611.79
1350,2340,UPI,60554.98
1351,2341,Net Banking,3591.88
1352,2342,UPI,24107.7
1353,2343,Debit Card,99657.68
1354,2344,Credit Card,177062.52
1355,2345,Net Banking,57928.54
1356,2346,Credit Card,1055.55
1357,2347,Credit Card,106745.31
1358,2348,UPI,57548.33
1359,2350,Debit Card,29289.15
1360,2351,Debit Card,21782.43
1361,2352,Net Banking,11096.23
1362,2353,Net Banking,2587.17
1363,2354,COD,79953.71
1364,2355,Debit Card,6990.85
1365,2356,Net Banking,22761.18
1366,2357,Credit Card,21251.76
1367,2359,Credit Card,15730.94
1368,2361,Credit Card,41185.58
1369,2362,Net Banking,4050.23
1370,2363,Debit Card,5016.72
1371,2364,Credit Card,104215.35
1372,2365,Credit Card,3820.02
1373,2366,Net Banking,1674.75
1374,2368,Net Banking,12916.29
1375,2370,Debit Card,9917.54
1376,2371,Net Banking,14070.31
1377,2372,UPI,34452.31
1378,2373,Debit Card,56802.73
1379,2375,UPI,12741.44
1380,2376,Net Banking,651.48
1381,2378,Net Banking,14278.75
1382,2379,Credit Card,1533.47
1383,2380,UPI,3849.69
1384,2381,UPI,51234.78
1385,2382,Net Banking,55893.89
1386,2383,COD,8014.9
1387,2384,Debit Card,43916.82
1388,2385,Credit Card,151562.25
1389,2386,Net Banking,1029.54
1390,2387,UPI,7403.76
1391,2388,Debit Card,132786.72
1392,2389,Credit Card,33133.73
1393,2390,Debit Card,7138.8
1394,2391,Debit Card,80848.7
1395,2392,Credit Card,5919.03
1396,2393,Net Banking,36318.06
1397,2394,UPI,7516.94
1398,2395,Net Banking,2867.69
1399,2396,COD,12456.17
1400,2397,UPI,854.6
1401,2398,COD,2537.81
1402,2399,Net Banking,6743.46
1403,2400,Debit Card,8299.8
1404,2401,Debit Card,95023.65
1405,2402,Credit Card,955.49
1406,2404,Net Banking,7501.56
1407,2405,Credit Card,209306.99
1408,2406,Debit Card,56945.71
1409,2407,Net Banking,9626.65
1410,2408,Net Banking,14722.28
1411,2410,Debit Card,50705.09
1412,2412,Credit Card,5590.01
1413,2413,Net Banking,4424.92
1414,2414,Credit Card,17818.95
1415,2415,Net Banking,1265.75
1416,2416,Credit Card,15311.31
1417,2418,UPI,46755.27
1418,2419,Credit Card,1308.1
1419,2420,Net Banking,14063.49
1420,2421,Net Banking,53701.84
1421,2422,Credit Card,1446.42
1422,2423,COD,57398.54
1423,2424,COD,1729.86
1424,2425,Credit Card,68824.69
1425,2426,UPI,1709.26
1426,2427,Debit Card,778.26
1427,2428,Debit Card,11691.0
1428,2430,COD,9792.3
1429,2431,Debit Card,3685.8
1430,2432,UPI,124049.62
1431,2433,Debit Card,107737.19
1432,2434,COD,74074.64
1433,2436,Debit Card,5035.83
1434,2437,Net Banking,74838.38
1435,2438,UPI,8101.23
1436,2439,UPI,3701.19
1437,2440,COD,1952.73
1438,2441,UPI,113183.13
1439,2442,Credit Card,45422.68
1440,2443,Debit Card,12128.76
1441,2444,Debit Card,12400.32
1442,2445,Credit Card,700.91
1443,2446,COD,5901.08
1444,2447,COD,7960.2
1445,2448,COD,150457.52
1446,2449,COD,346.19
1447,2450,Credit Card,25448.16
1448,2451,Net Banking,72667.68
1449,2452,COD,48938.0
1450,2453,UPI,2077.64
1451,2454,Credit Card,2169.27
1452,2455,UPI,6083.73
1453,2456,Debit Card,864.28
1454,2458,COD,56620.37
1455,2459,Net Banking,13970.89
1456,2460,COD,1148.58
1457,2461,Debit Card,745.2
1458,2463,UPI,1325.79
1459,2464,Net Banking,1895.16
1460,2465,Credit Card,132049.58
1461,2466,Credit Card,21383.89
1462,2467,UPI,101629.23
1463,2468,Debit Card,20273.08
1464,2469,Net Banking,2527.96
1465,2470,Debit Card,3234.09
1466,2473,Debit Card,10750.79
1467,2474,COD,3387.09
1468,2475,Credit Card,10666.1
1469,2476,Net Banking,7762.95
1470,2477,COD,880.44
1471,2478,COD,3331.78
1472,2479,COD,13943.99
1473,2480,Debit Card,4035.08
1474,2481,UPI,36811.11
1475,2482,Net Banking,9876.87
1476,2483,Net Banking,10130.33
1477,2484,COD,6916.3
1478,2485,Credit Card,1995.62
1479,2486,Credit Card,107897.39
1480,2487,Debit Card,4701.78
1481,2488,UPI,2921.11
1482,2489,Debit Card,442.85
1483,2490,Debit Card,49955.26
1484,2491,Net Banking,3852.1
1485,2492,Credit Card,10817.8
1486,2493,COD,926.36
1487,2494,Debit Card,7347.09
1488,2495,Net Banking,11207.32
1489,2498,Credit Card,71345.82
1490,2499,Net Banking,27341.71
1491,2500,COD,5842.23
